#{"t_start": 1705675761.0537436, "env_id": "hill_racing_env/HillRacing-v0"}
r,l,t,score
24.663306,156,0.52296,16
469.420949,514,1.028353,103
-37.465596,101,1.344559,10
-38.747937,100,1.68291,10
-95.96441,52,1.981725,1
337.32044,401,2.428427,84
28.281604,159,2.773117,17
401.495174,469,3.254018,80
173.814885,296,4.687964,30
-44.612548,99,5.007711,8
-45.775304,98,5.324312,7
53.443865,180,5.673311,21
150.355654,259,6.044981,39
144.987423,254,6.444336,39
-96.999957,51,6.744614,1
-25.735636,112,7.079773,10
-96.992855,51,7.380863,1
-44.634501,99,7.72014,8
-96.930871,51,8.034752,1
153.000831,267,8.431018,34
-96.994872,51,8.716025,1
-96.998659,51,8.999346,1
226.6058,323,10.560479,51
24.681135,156,10.918407,16
78.338391,207,11.303788,19
109.412748,228,11.68685,29
-24.5719,113,12.003083,10
184.051985,292,12.387675,40
24.693252,156,12.714355,16
25.915587,157,13.051915,17
-44.684812,99,13.374142,8
56.735798,185,13.716132,19
-39.924895,99,14.022057,10
-96.926743,51,14.320246,1
-37.372861,101,14.637504,10
24.773526,156,15.960182,17
-44.613579,99,16.273727,8
34.841138,166,16.618973,17
191.652891,287,17.006441,53
-96.932842,51,17.304034,1
-44.692211,99,17.615526,8
-38.707198,100,17.938803,10
-24.595605,113,18.251787,10
-40.913621,102,18.586413,8
163.909792,282,18.994635,31
34.519965,164,19.363149,18
-44.63606,99,19.681203,8
54.400187,182,20.062286,20
23.612779,155,20.420053,16
-44.683357,99,20.737667,8
134.937475,247,22.116637,36
-40.274058,99,22.435084,9
258.503476,345,22.865462,61
-40.585624,98,23.173846,10
-45.776376,98,23.490483,7
-38.649332,100,23.814111,10
25.939473,157,24.159649,17
-96.987945,51,24.464476,1
-38.693521,100,24.793481,10
-38.655799,100,25.156629,10
25.874978,157,25.519938,17
145.128211,255,25.904542,38
-96.927978,51,26.202316,1
-40.316401,99,26.536701,9
-45.780243,98,27.840586,7
65.161992,190,28.200715,23
45.161318,174,28.562027,19
-96.990353,51,28.8563,1
-42.099764,101,29.259716,8
27.042017,158,29.7078,17
-96.925584,51,30.130051,1
-38.665684,100,30.531902,10
114.673116,233,31.114525,29
-39.089437,100,31.538486,9
-37.424474,101,31.975558,10
-96.926613,51,32.355393,1
-36.239347,102,32.803075,10
261.958412,359,33.513873,51
-35.860822,102,33.917823,11
-38.146693,101,34.364316,9
-96.929544,51,34.82268,1
127.543763,240,36.541501,35
-40.110991,102,37.036608,9
55.516959,182,37.540663,21
324.144109,402,38.215803,70
134.627974,246,38.807389,36
-44.623278,99,39.307711,8
81.100135,206,39.795897,23
-96.926253,51,40.192588,1
231.307995,321,40.79279,58
-44.672843,99,41.296117,8
267.223684,364,43.875528,51
46.669263,174,44.495213,21
-95.963436,52,44.915138,1
765.856682,751,45.878977,163
696.682999,702,46.769905,143
163.12129,277,48.634704,34
18.083768,154,49.154401,15
89.564225,209,49.688337,29
-92.242996,56,50.123393,2
-43.441047,100,50.560001,8
28.180758,159,50.984897,17
-44.668167,99,51.391312,8
-29.67623,111,51.849422,11
-44.607141,99,52.277611,8
-44.611556,99,52.682169,8
-44.678069,99,53.138372,8
126.805481,241,53.616367,34
19.431918,155,54.187124,16
90.825271,217,54.782969,25
-39.138663,100,56.569676,9
49.055112,177,57.052643,20
23.655351,155,57.522647,16
-37.431959,101,57.971699,10
-36.196188,106,58.401311,9
-44.60533,99,58.895203,8
-43.441604,100,59.382568,8
68.364446,195,59.902167,22
59.924634,186,60.496203,23
-36.17251,102,60.993634,11
-37.437357,101,61.526846,10
-38.623054,100,61.997384,10
25.981105,157,62.488464,17
91.408276,215,62.957677,24
-33.896338,104,63.47878,11
296.51508,391,65.564249,54
-44.690797,99,65.99115,8
310.982313,382,66.667413,77
-2.005799,136,67.116788,13
24.674305,156,67.584816,16
-7.349746,132,68.084831,12
225.23898,322,68.722801,51
303.25168,395,69.358824,60
-39.09356,100,69.757003,9
-31.830569,109,71.840917,11
-44.611951,99,72.30702,8
112.922552,230,72.839134,31
-44.607606,99,73.322034,8
-40.237432,99,73.741094,9
25.906434,157,74.225822,17
-44.609532,99,74.737655,8
15.846468,152,75.282262,15
-44.610717,99,75.745386,8
24.823367,156,76.238504,17
-36.196843,102,76.644629,10
19.172627,155,77.165475,15
152.295423,260,77.774675,41
-44.609839,99,78.26833,8
-44.688752,99,78.66644,8
-44.612666,99,79.062773,8
27.037173,158,81.16175,17
352.990198,439,81.879126,63
-44.691427,99,82.31872,8
-44.676166,99,82.761754,8
23.628469,155,83.290271,16
19.434889,155,83.787375,16
-43.21734,99,84.139036,9
-45.773344,98,84.618474,7
136.897601,251,85.25135,34
217.718337,333,85.973492,36
-38.734278,100,86.413275,10
-44.683867,99,88.133941,8
-40.907538,102,88.59454,8
214.957988,315,89.167496,48
363.095444,422,89.859086,90
25.979521,157,90.320571,17
-33.845873,104,90.745575,11
300.705828,379,91.443586,73
-39.718409,103,91.957621,9
-37.447405,101,92.356047,10
-33.831504,108,92.816058,9
25.835444,157,93.287887,17
-39.112792,100,94.889124,9
130.676899,242,95.48207,37
242.526215,349,96.101645,45
-44.698349,99,96.607242,8
26.00696,157,97.167934,17
97.637233,219,97.697001,26
-44.609738,99,98.146963,8
-39.110479,100,98.56905,9
1044.414295,958,101.314237,234
99.925143,222,101.888294,26
88.91395,210,102.541896,27
101.88682,223,103.099957,27
-96.996483,51,103.537915,1
-95.961447,52,103.978874,1
-39.38025,99,104.452797,10
-25.678274,112,104.971051,10
24.611949,156,105.461616,16
-44.688013,99,105.899987,8
-34.580774,107,106.419726,10
-37.494968,101,106.945925,10
170.999986,273,107.556494,46
193.215396,294,109.950268,47
22.449311,154,110.486935,16
-96.996763,51,110.902636,1
24.742904,156,111.408696,17
-37.398837,101,111.937171,10
24.630533,156,112.393121,16
-44.610666,99,112.773129,8
-44.692896,99,113.291589,8
376.13205,448,114.044962,76
25.754912,157,114.623988,16
159.649387,275,115.192151,32
15.663186,152,115.652587,15
-96.996167,51,116.124782,1
328.215811,397,118.567441,79
-39.101341,100,118.996692,9
25.976971,157,119.533143,17
515.467781,552,120.310774,111
59.026935,185,120.862023,22
63.812039,188,121.325215,24
25.792828,157,121.751109,16
-96.983405,51,122.232534,1
538.275583,560,124.573224,130
-44.690671,99,125.012924,8
-45.823618,98,125.44933,7
97.338854,219,125.933758,26
-44.697865,99,126.397508,8
115.50775,234,126.867518,33
136.210341,250,127.432895,34
75.209239,198,127.991971,25
-39.718078,103,128.443136,9
-44.680291,99,128.901233,8
25.904921,157,129.347248,17
174.037821,286,131.524303,37
539.052592,567,132.340271,120
-96.994024,51,132.6853,1
-39.108726,100,133.070947,9
103.330664,224,133.543977,31
-36.885108,101,134.070208,11
24.503287,156,134.585149,16
-96.989892,51,135.050156,1
-40.287483,99,135.494114,9
580.091998,600,136.107788,128
-44.629509,99,137.57889,8
-44.687354,99,137.954579,8
31.713989,166,138.3537,17
-38.064999,100,138.715061,11
-43.295927,96,139.047487,9
42.204895,171,139.423674,19
-44.687961,99,139.759648,8
22.959846,158,140.158883,16
28.334064,159,140.551578,17
229.452291,329,141.01048,48
-33.367366,104,141.346606,11
-44.621007,99,141.674566,8
24.790073,156,142.064305,16
-44.631153,99,142.415639,8
24.780398,156,143.9322,17
24.725162,156,144.318092,16
155.359014,271,144.770478,35
-39.109815,100,145.129243,9
130.694262,241,145.593338,38
-39.724735,103,145.95816,9
-44.686691,99,146.394473,8
-44.607983,99,146.766355,8
-39.725453,103,147.124001,9
-96.999943,51,147.465399,1
275.995177,366,147.958594,58
292.345413,377,148.450572,64
26.043317,157,149.909582,17
-43.375272,96,150.246579,9
-33.218545,108,150.599614,11
54.120455,182,150.98647,23
-33.189901,108,151.328337,11
55.900933,177,151.717038,28
265.325984,350,152.19637,68
-44.605922,99,152.562974,8
490.683261,529,153.101583,111
111.000966,231,153.526142,31
24.672974,156,155.009274,16
-44.604546,99,155.346081,8
345.262231,414,155.836549,79
151.528911,258,156.250208,41
-39.122746,100,156.593482,9
275.279654,368,157.047868,55
-34.552843,103,157.389675,11
-45.818316,98,157.838609,7
38.21866,167,158.313633,19
-44.611736,99,158.682046,8
23.611373,155,159.279095,16
360.094707,428,161.307729,80
87.539389,209,161.902521,26
24.726033,156,162.401977,16
24.661349,156,162.88828,16
-40.258822,99,163.316943,9
22.443799,154,163.786762,16
250.518187,345,164.414931,54
-44.610848,99,164.865962,8
84.822403,198,165.385252,36
-43.317396,96,165.821271,9
125.156038,246,167.898861,30
73.716875,190,168.35983,33
169.054989,273,168.953276,44
-92.178413,56,169.421034,2
25.837716,157,169.927492,17
24.723008,156,170.397882,16
-39.725167,103,170.838845,9
23.534031,155,171.349015,16
-44.630583,99,171.755054,8
154.567279,260,172.387503,42
-43.315604,96,172.778816,9
228.658965,313,173.449444,64
142.636564,255,175.631669,35
112.289586,232,176.262583,28
24.818688,156,176.797786,17
382.149834,465,177.547191,68
139.988178,248,178.036901,44
85.891492,209,178.553557,25
23.67764,155,178.994089,16
18.133724,154,179.425563,15
24.608015,156,179.911612,16
22.472058,154,180.412812,16
123.42936,241,182.650134,31
-43.439234,100,183.107954,8
24.82749,156,183.615612,17
-43.400599,96,184.098377,9
25.792911,157,184.634337,16
138.561631,249,185.204952,41
24.964835,156,185.733787,17
-25.672038,112,186.238483,10
102.556608,223,186.761747,27
-39.725629,103,187.208405,9
25.971918,157,187.801116,17
52.247196,179,188.360627,21
-43.32263,96,188.857642,9
61.195884,187,190.98699,22
-31.914646,109,191.467673,11
203.866362,308,191.975292,44
24.699069,156,192.464464,16
96.877733,218,192.946067,27
108.732686,226,193.524476,31
34.580101,165,194.035727,18
24.778528,156,194.564461,17
28.206358,159,195.126933,17
791.183613,749,197.66828,190
24.476497,156,198.207443,16
493.683641,542,198.975352,103
24.85506,156,199.517507,17
20.015234,152,200.051972,17
18.269968,154,200.57218,16
225.700443,322,201.206204,52
108.462315,224,203.150025,33
26.997721,158,203.68674,17
343.483123,418,204.334665,73
24.76098,156,204.795705,16
-43.305208,96,205.213577,9
26.045063,157,205.718697,17
18.098576,154,206.164785,15
25.889403,157,206.668179,17
95.076661,218,207.236803,25
24.93896,156,207.709028,17
192.894182,296,208.325445,45
-39.261596,102,210.31046,10
95.069715,219,210.884543,27
461.146329,511,211.526738,101
24.942221,156,211.96094,17
22.626885,153,212.428239,17
51.221791,178,212.910485,21
-43.294843,96,213.338897,9
70.844939,198,213.814953,24
-42.30636,97,214.236573,9
253.649592,341,214.826349,60
-26.775331,111,216.549115,10
26.591024,161,217.060514,17
142.643586,261,217.674078,33
162.528208,267,218.214347,43
26.954206,158,218.643897,17
157.00789,268,219.178265,38
-34.471529,103,219.571037,11
27.104613,158,220.034837,17
-26.533055,113,220.432246,13
99.885044,222,220.924263,26
231.413186,333,222.848132,50
24.042363,154,223.295114,18
-43.333546,96,223.72873,9
76.468396,203,224.274651,25
19.403471,155,224.763669,16
141.020831,248,225.266835,45
40.546618,174,225.773795,15
-42.20888,97,226.197998,9
24.913068,156,226.756378,17
26.055842,157,227.216782,17
-30.911122,110,227.68076,11
24.807131,156,228.141702,17
-43.31448,96,228.568337,9
442.871938,468,230.566521,124
306.369205,383,231.176667,71
21.884939,157,231.701767,16
18.113157,154,232.16393,15
141.341722,252,232.64959,37
486.932208,522,233.293054,113
16.952262,153,233.727106,15
-43.312704,96,234.130909,9
19.408207,155,235.887902,16
144.659483,255,236.444886,37
-24.523696,113,236.839685,10
19.454553,155,237.30538,16
-43.418771,96,237.707587,9
24.220529,159,238.191191,16
26.561121,156,238.606713,18
577.378729,614,239.343011,115
85.665986,209,239.802147,25
30.180122,164,240.358826,17
-33.473857,108,242.228139,10
154.401971,269,242.848186,33
25.004686,156,243.32839,17
24.777133,156,243.835333,16
118.756764,228,244.368939,40
-43.309413,96,244.805057,9
33.033792,163,245.277434,18
435.481867,490,245.969202,97
280.361778,364,246.681738,65
192.717057,307,248.712058,37
-33.195302,108,249.125515,11
448.081766,511,249.899548,86
21.612456,157,250.433202,16
17.003316,153,250.968028,15
495.399953,528,251.810888,119
181.657969,282,252.404561,48
21.128173,152,254.28186,18
25.980374,157,254.78841,17
26.04668,157,255.271976,17
28.366104,161,255.814865,16
-44.609962,99,256.288678,8
-43.443595,100,256.718912,8
27.725853,162,257.218645,17
26.043099,157,257.718843,17
158.694436,267,258.251189,43
-44.601916,99,258.670704,8
-43.442007,100,259.120202,8
82.38152,206,259.617384,24
28.926657,163,260.181019,17
36.094238,165,261.999966,19
172.321927,287,262.656376,33
330.344759,404,263.342467,74
268.294207,348,263.967863,69
910.947681,874,264.962187,186
25.790458,157,266.650002,16
24.683576,156,267.264445,16
23.531907,155,267.81555,16
24.833683,156,268.38887,17
-44.610459,99,268.874869,8
-41.14174,98,269.421649,9
28.950866,163,269.936671,17
23.450043,155,270.515143,16
25.812359,157,271.08157,16
-92.200334,56,271.605562,2
23.601952,155,272.141919,16
24.655316,156,272.723138,16
159.656943,274,273.407093,33
21.587945,153,273.92012,17
26.907265,158,275.868411,17
496.762763,539,276.611885,105
-19.841043,120,277.0605,11
29.041223,163,277.550917,17
152.618384,262,278.193967,38
82.960577,209,278.779295,23
475.341975,522,279.545943,101
149.693598,263,281.571505,38
26.606936,161,282.080828,17
182.335812,276,282.706568,55
137.791571,242,283.275261,44
360.067359,446,283.951199,66
-43.441233,100,284.395091,8
19.298311,155,284.911258,16
132.922168,237,285.532504,45
-86.873317,59,285.979374,4
-92.215975,56,286.454026,2
-46.043795,97,286.889894,8
-22.213185,115,288.572518,11
-35.628949,102,289.063567,11
136.817713,255,289.67111,33
-43.308711,96,290.110823,9
27.853377,162,290.536216,17
44.634889,173,291.009657,23
-92.207253,56,291.411624,2
-43.328954,96,291.831618,9
-36.788666,101,292.274516,11
-92.208364,56,292.659562,2
26.594578,161,293.130333,17
79.22831,203,293.620291,24
314.024646,397,294.355987,65
-43.312967,96,294.822411,9
25.883448,157,296.620748,17
100.384053,222,297.143396,30
-44.607584,99,297.529603,8
410.990819,479,298.18249,80
-44.607481,99,298.581759,8
155.022794,256,299.057868,48
358.705291,423,299.660037,84
-39.70895,103,300.050336,9
141.368997,252,300.561124,38
24.722016,156,302.481893,16
-43.302028,96,302.911159,9
-39.718191,103,303.33519,9
-43.332469,96,303.81041,9
34.02632,164,304.380134,18
-41.938676,100,304.82012,9
18.233142,154,305.288798,15
173.742412,277,305.841936,45
23.653559,155,306.275433,16
-44.609789,99,306.735921,8
-43.435659,100,307.202392,8
511.450147,584,309.546263,76
38.794422,168,309.984455,19
597.997481,623,310.863865,123
150.810175,258,311.439195,41
-44.609173,99,311.8673,8
-44.613409,99,312.274448,8
-44.611789,99,312.679801,8
39.426459,168,313.230027,19
23.487448,155,313.708137,16
234.353194,325,314.270758,57
16.970315,153,316.128249,15
56.555597,183,316.576797,22
-42.315151,97,316.97788,9
25.667778,157,317.409439,16
27.618091,162,317.870813,17
-39.182352,100,318.293861,9
30.64055,161,318.763787,17
-44.608222,99,319.164579,8
-39.117049,100,319.660293,9
204.791093,304,320.168224,50
-87.994679,58,320.554228,3
42.789275,169,321.133601,23
29.69582,160,321.640377,17
25.820017,157,322.149602,16
-40.90008,102,324.107758,8
-43.448289,100,324.505854,8
260.861519,347,325.076515,62
99.5653,219,325.556876,29
107.443692,228,326.050583,27
597.199638,621,326.752711,124
339.266434,407,327.333892,80
296.68135,391,329.329564,54
-37.965147,100,329.783722,11
-33.078784,108,330.225156,11
25.776189,157,330.721807,16
206.005168,419,331.382085,47
17.620912,150,331.830454,16
159.325441,265,332.453159,42
110.328166,218,332.999479,41
33.188804,163,333.448484,18
34.096764,168,335.172807,17
25.751399,157,335.662022,16
-43.311115,96,336.099622,9
26.636614,161,336.579231,17
-95.983849,52,336.972682,1
25.829931,157,337.466818,17
24.838491,156,337.936907,17
26.086161,157,338.382548,17
20.673328,156,338.898275,16
133.341965,244,339.420995,38
87.804956,209,339.884459,27
-92.214344,56,340.313996,2
23.756651,155,340.8232,17
22.994665,158,341.377362,16
36.757348,166,343.327282,18
-32.039908,109,343.773764,11
-42.378003,97,344.246054,9
-24.463665,113,344.625813,10
334.848108,404,345.19488,80
98.316544,213,345.670111,34
42.658833,173,346.182896,21
31.360451,165,346.621603,18
79.396881,469,347.224982,47
89.439364,215,347.726558,26
24.914731,156,349.738281,17
-92.185965,56,350.11929,2
37.999594,168,350.578292,21
7.273255,145,351.033895,17
-43.303485,96,351.48082,9
-43.433316,96,351.933034,9
314.337424,407,352.615342,59
21.911382,153,353.137697,18
234.689849,329,353.805952,54
20.627699,156,354.29668,16
322.443127,400,356.461236,70
230.974915,327,357.020741,53
26.013216,157,357.504668,17
29.530006,161,357.944918,17
-39.23579,102,358.454113,10
83.357114,206,359.045251,26
-43.372903,96,359.55764,9
302.112972,385,360.204201,65
-43.295964,96,360.586617,9
25.956609,157,361.093214,17
490.153929,521,363.401029,118
37.836026,167,363.91846,19
28.994463,163,364.361094,17
89.419732,216,364.896691,22
-41.390766,98,365.292831,9
147.654298,257,365.832917,38
-43.305722,96,366.256788,9
26.644665,161,366.71409,17
27.148532,158,367.130095,17
470.674649,512,369.165053,107
169.773125,279,369.687177,38
289.023487,369,370.255085,68
-43.294878,96,370.659497,9
-92.220417,56,371.083055,2
139.753201,266,371.650362,25
-40.82156,101,372.033653,9
24.272321,159,372.543565,17
24.850591,156,373.015481,17
20.866817,156,373.559408,16
-28.511588,109,374.02452,10
19.446354,155,374.575477,16
-33.218428,108,375.043974,11
-43.280907,96,377.162626,9
25.942371,157,377.657468,17
-89.400029,59,378.095426,2
31.337661,160,378.491396,19
-40.994951,101,378.807375,9
115.334407,230,379.182518,33
24.905695,156,379.528133,17
19.411177,155,379.875715,16
408.378384,464,380.370787,96
25.87778,157,380.717046,17
344.977176,401,382.165122,96
-46.057164,97,382.487625,8
26.118868,157,382.837582,17
214.025812,313,383.261511,50
80.104731,204,383.639315,24
96.863482,218,384.017215,27
-41.088777,101,384.349925,9
-43.324428,96,384.669899,9
443.31302,469,385.15347,126
25.993536,157,385.496148,17
-32.167282,109,385.810309,11
-43.353603,96,387.127373,9
22.827491,158,387.486592,16
156.637128,262,387.893619,46
93.169486,222,388.274561,22
699.140234,703,388.868346,145
406.983075,448,389.348795,107
25.923447,157,389.697764,17
-46.031778,97,390.994462,8
111.479234,229,391.379876,30
31.834677,162,391.752255,18
-28.528309,109,392.077021,10
24.730268,156,392.430285,16
27.031427,158,392.786328,17
27.768315,162,393.15416,17
24.838502,156,393.517684,17
268.721543,341,393.961182,79
280.363684,353,394.387074,75
-43.288089,96,394.705409,9
789.823134,786,396.368021,155
-43.439761,100,396.700179,8
-245.697059,272,397.130339,14
37.187026,164,397.50181,22
20.640552,156,397.84391,16
-27.339422,110,398.184876,10
19.42678,155,398.538459,16
24.856783,156,398.88992,16
660.501517,666,400.479188,143
90.877603,215,400.86413,25
109.986434,232,401.255274,26
25.577094,157,401.608065,16
17.27285,153,401.954477,15
1489.585222,1357,403.85377,284
-46.051345,97,404.174372,8
34.233747,165,404.523399,20
179.663374,281,404.928374,50
46.709508,170,405.284334,25
140.012083,262,405.690425,27
93.772236,223,406.11455,22
309.316759,391,407.649088,66
342.328897,392,408.111989,99
-40.913576,101,408.440285,9
38.775161,167,408.803049,20
-49.523848,94,409.140728,8
25.984553,157,409.501353,17
105.238509,224,409.883988,30
601.22287,622,410.46086,127
-46.049146,97,410.781858,8
25.880259,157,412.138263,17
-33.700376,104,412.462215,11
93.751833,220,412.843565,25
-43.43917,100,413.170469,8
26.464568,156,413.536575,18
538.029652,550,414.081127,136
19.331291,155,414.4469,16
-43.436162,100,414.786859,8
20.655101,156,415.145745,16
42.161399,170,415.512076,20
26.015354,157,415.869709,17
21.875354,157,416.227488,16
255.187689,326,417.674611,78
26.020201,157,418.033064,17
405.277272,482,418.533771,71
26.580979,161,418.890729,17
93.29823,218,419.266276,24
-46.028583,97,419.583273,8
110.606745,235,419.968829,26
305.081914,385,421.432338,68
-89.389816,59,421.74042,2
26.043315,157,422.087288,17
-43.300539,96,422.413302,9
23.646613,155,422.77229,16
25.991282,157,423.121846,17
27.165281,158,423.546278,17
23.952402,154,423.910902,18
134.663014,243,424.290026,39
-24.054333,117,424.627,10
114.622281,228,425.011955,38
-47.208846,96,425.331807,8
29.00421,163,425.679806,17
-43.282372,96,426.001906,9
67.700561,265,427.381599,25
23.056863,158,427.73556,16
27.275112,158,428.100582,17
-34.882444,103,428.424583,11
93.387189,213,428.794603,29
-43.320039,96,429.133114,9
-89.392958,59,429.44115,2
25.457347,160,429.791148,17
128.745467,243,430.174852,34
27.837106,162,430.530237,17
-49.515019,94,430.856664,8
-39.985899,102,431.187063,9
143.003581,287,431.604157,25
-43.310493,96,431.984699,9
24.821823,156,433.705667,17
29.026834,163,434.082075,17
19.227663,155,434.443877,15
20.859629,156,434.824506,16
145.198951,267,435.242815,29
23.673602,155,435.591779,16
26.095958,157,435.942451,17
26.516407,156,436.299106,18
-41.860775,100,436.629626,9
25.813883,157,436.999336,16
16.187478,152,437.361146,15
186.420131,286,437.78956,48
30.228259,164,439.260281,17
31.19324,160,439.619399,19
257.675936,350,440.053323,55
25.340722,155,440.40634,18
-40.789773,101,440.761523,9
407.690251,464,441.261293,92
-34.826008,103,441.614506,11
70.79972,199,441.990948,23
-40.961517,101,442.324891,9
-39.243463,102,442.65877,10
-25.359026,114,442.998026,14
-46.053095,97,444.333776,8
451.763232,499,444.847991,100
79.169424,201,445.229895,26
198.111019,305,445.660851,41
-89.389227,59,445.970327,2
277.52766,367,446.433247,62
202.119731,306,446.849244,45
-46.046737,97,447.171513,8
113.081045,227,448.615791,35
31.788233,162,448.98024,18
94.834043,223,449.372827,23
251.771506,353,449.829581,46
-49.505442,94,450.157787,8
-43.284573,96,450.486667,9
76.488184,199,450.888558,25
472.328861,505,451.405274,115
-89.386594,59,451.741224,2
-43.308099,96,452.077982,9
-40.056755,102,452.407251,9
25.256494,155,453.737894,18
64.646678,190,454.108228,22
180.95819,287,454.527148,42
262.050484,351,454.979049,59
-38.212272,103,455.318075,10
235.572887,317,455.744181,70
85.875067,359,456.198588,31
-26.316282,115,456.536691,10
44.856033,169,456.916662,25
-43.44161,100,458.252956,8
117.462507,226,458.642808,40
83.371243,211,459.024956,24
570.483138,566,459.577317,156
41.514837,171,459.938261,19
183.195768,280,460.34205,55
23.046391,158,460.693057,16
-43.32339,96,461.019127,9
1057.616726,968,462.719717,237
29.287982,160,463.076286,18
25.949641,157,463.427521,17
532.455077,548,463.955741,136
179.136851,277,464.369001,50
16.169886,152,464.723025,15
26.644786,161,466.075823,17
25.431419,155,466.426873,18
-38.747589,104,466.757855,9
19.605431,156,467.107601,15
-25.559881,112,467.444607,10
34.231969,164,467.791589,18
76.521174,201,468.161977,27
115.322791,235,468.549567,32
-30.189782,111,468.886083,10
-46.052502,97,469.225449,8
341.726004,400,469.714603,93
26.043165,157,470.079661,17
131.825733,244,471.454485,40
130.32981,247,471.852962,35
73.638958,191,472.237314,33
-49.523052,94,472.566158,8
-40.8966,101,472.904535,9
301.424028,386,473.411572,67
548.383489,584,473.959719,113
101.587512,224,474.36467,25
24.058944,154,475.706059,18
346.666924,411,476.223855,86
23.830091,154,476.589992,18
-43.314111,96,476.928775,9
-40.954977,101,477.276477,9
354.874166,426,477.791774,77
154.396061,264,478.213751,38
34.789582,167,478.588851,19
122.052835,240,478.97852,33
-49.520935,94,479.317862,8
26.912324,161,480.68656,17
24.166789,154,481.049664,18
125.395896,241,481.464745,32
-86.872459,59,481.797733,4
119.763914,231,482.192671,39
321.556956,406,482.682166,63
26.040991,157,483.05767,17
-43.280143,96,483.396329,9
-46.047271,97,483.749553,8
210.147587,317,484.191658,41
102.455414,226,485.6257,28
-26.344255,115,485.985454,10
181.49362,278,486.393235,55
377.344588,432,486.890768,94
35.012696,163,487.247198,20
486.693439,524,487.769513,114
-43.312508,96,488.104175,9
-33.243744,108,488.444487,11
147.541517,255,488.847487,44
127.593184,250,490.284095,26
26.135706,157,490.656842,17
189.396733,298,491.101258,43
-43.3065,96,491.433682,9
97.900037,223,491.825334,23
163.061735,267,492.264281,47
214.691109,614,492.834429,104
-40.121551,102,493.166928,9
-29.016821,108,494.509274,12
23.076704,158,494.876799,16
368.581569,453,495.38678,64
109.877677,230,495.792773,31
74.201226,201,496.187944,21
94.589956,216,496.565242,26
76.809915,198,496.941185,31
235.545505,329,497.449421,54
-15.720353,123,497.788764,14
190.932039,284,499.187259,59
217.364078,315,499.630223,51
178.068769,292,500.057538,35
-86.88193,59,500.368944,3
138.09655,249,500.777828,37
26.559404,156,501.129245,18
-42.20052,97,501.456256,9
212.101689,413,501.933707,38
-43.320908,96,502.267405,9
106.698878,229,503.654308,29
160.75972,263,504.080925,46
21.835154,152,504.438139,18
944.612089,863,505.144685,230
25.442134,155,505.501167,18
-33.195237,108,505.844997,11
352.145863,413,506.313959,88
137.938149,245,507.708337,43
-43.276562,96,508.043118,9
70.875677,233,508.43012,22
86.648339,210,508.818791,24
477.964344,514,509.347989,113
344.173383,403,509.829393,90
180.847427,280,510.254181,49
25.316988,155,511.611344,18
274.410964,353,512.071018,73
-26.74171,111,512.417521,10
-38.080935,103,512.747518,10
81.077731,206,513.13461,23
24.995787,156,513.503284,17
-43.290618,96,513.828395,9
62.674336,191,514.201074,20
23.736103,155,514.575771,16
247.183944,331,515.013317,68
-40.125719,102,515.345043,9
-41.083966,102,515.691748,8
606.132514,640,517.280639,114
-38.228697,103,517.616272,10
304.619325,387,518.077949,65
144.616664,258,518.478275,34
-43.289629,96,518.802783,9
223.362369,316,519.236328,56
-43.272449,96,519.55818,9
28.993629,158,519.928356,19
470.508293,563,521.46803,99
382.226068,445,521.964206,89
73.027402,204,522.345015,17
176.929425,287,522.770306,38
328.947943,389,523.23779,92
-40.823361,101,523.563756,9
94.108488,215,524.944161,27
28.056526,162,525.310271,17
-25.020597,112,525.65169,11
70.119547,200,526.037114,21
101.416275,222,526.435799,28
33.207959,166,526.808752,18
-49.509311,94,527.135373,8
-86.879584,59,527.446891,3
-43.274276,96,527.780763,9
284.206252,370,528.258394,62
-42.261142,101,528.586375,8
22.514972,154,528.940422,16
-92.158699,56,529.260542,2
31.772491,165,529.618191,18
18.729477,154,530.964566,16
-43.295024,96,531.289475,9
-43.324943,96,531.60996,9
-43.323357,96,531.938267,9
120.549246,238,532.342287,34
277.831486,356,532.797254,70
406.865492,457,533.30042,98
15.021178,151,533.656211,15
25.308115,155,534.018057,18
-49.514689,94,534.357291,8
-43.304064,96,534.681656,9
-49.521668,94,535.99356,8
18.527383,154,536.354608,16
229.031439,328,536.790123,53
331.837814,399,537.259623,81
102.960017,226,537.648844,28
18.515991,154,538.017002,16
-40.86862,101,538.352897,9
-46.047092,97,538.685265,8
34.643087,164,539.043701,18
-33.697518,104,539.386647,11
-25.208267,116,539.719653,10
-43.256009,96,540.05187,9
25.974978,157,541.395787,17
-26.747426,111,541.734431,10
138.73669,254,542.128136,33
142.629305,252,542.53112,39
31.355072,165,542.894941,18
25.449005,160,543.254118,17
28.532748,162,543.604118,18
27.043049,158,543.957706,17
-33.765979,104,544.28504,11
156.770162,272,544.698036,36
-43.334555,96,545.022894,9
18.077473,154,545.374816,15
132.964281,243,546.758612,39
263.515207,352,547.201777,63
-92.212545,56,547.521401,2
27.126553,158,547.882414,18
26.48858,156,548.251663,18
87.375824,209,548.643502,27
199.292919,298,549.063414,50
27.261889,158,549.42105,17
89.433552,211,549.818332,26
26.092274,157,550.179868,17
-47.218528,96,550.516397,8
18.497249,154,551.839059,16
25.727542,160,552.200531,17
26.089828,157,552.557768,17
-43.314298,96,552.886747,9
29.017458,163,553.242705,17
30.75354,161,553.613074,17
28.337712,159,553.968422,17
169.259085,284,554.379203,37
-43.302714,96,554.721749,9
127.448595,248,555.128376,31
26.177914,157,555.495927,17
27.218353,158,555.848895,17
24.055954,154,557.221789,18
17.980837,150,557.598631,17
214.838587,304,558.03854,59
27.747626,157,558.392337,19
24.223665,159,558.742912,16
26.005134,157,559.108434,17
-25.573139,112,559.427047,10
243.680693,328,559.893432,64
29.607954,160,560.241064,17
21.585639,152,560.604801,17
64.554043,188,560.973691,25
21.765011,157,562.328449,16
122.2824,243,562.729285,31
21.871664,157,563.077006,16
25.869014,157,563.433411,17
78.110835,201,563.81054,25
-49.506632,94,564.14677,8
-41.894527,100,564.484106,9
40.369259,173,564.842458,19
24.270083,159,565.208757,17
22.850454,153,565.557021,18
21.871078,157,565.910314,16
-46.040078,97,566.239443,8
21.843884,157,566.598878,16
220.31323,321,568.02649,47
18.484889,154,568.379,16
-49.515041,94,568.70604,8
561.149871,584,569.253623,125
151.019372,267,569.65362,32
-43.293184,96,569.979592,9
17.275831,153,570.342694,15
51.357654,178,570.696655,21
-167.797505,355,571.143893,25
490.111863,524,572.640741,118
25.965666,157,573.071814,17
-24.475658,113,573.405703,10
42.639797,172,573.75359,19
-49.520665,94,574.090249,8
-23.324735,114,574.444308,10
18.268307,154,574.811258,16
23.049029,158,575.188361,16
92.141537,214,575.596762,26
18.259586,154,575.963645,16
23.615093,155,576.35958,16
-43.310057,96,577.719418,9
47.962765,176,578.082168,20
19.496749,155,578.441921,16
24.689425,156,578.797983,16
132.123595,244,579.201054,36
23.630684,155,579.564871,16
26.09007,157,579.917129,17
-32.525598,109,580.255796,10
24.847072,156,580.655047,16
24.70196,156,581.035687,16
30.169544,164,581.417075,17
25.889197,157,581.809028,17
29.025475,163,582.180535,17
112.601508,238,583.668931,26
149.483605,256,584.068732,41
30.200102,164,584.438778,17
29.589688,160,584.802233,17
18.555115,154,585.159769,16
197.951645,299,585.599279,48
441.258261,497,586.17052,93
82.95031,214,586.55795,20
17.451438,153,588.009035,16
26.013216,157,588.37201,17
24.856943,156,588.730452,17
153.849598,266,589.138716,36
-40.046854,102,589.490804,9
334.606712,425,589.97924,58
24.273529,159,590.326247,17
161.816771,266,590.750839,44
22.787306,153,591.112315,18
26.976336,158,591.46834,17
101.545662,220,592.878248,30
24.898538,156,593.247863,17
27.260067,158,593.614261,17
-43.282449,96,593.950278,9
116.952095,234,594.346822,32
20.66714,156,594.707049,16
86.780667,207,595.093871,28
256.821236,347,595.549471,61
134.041279,260,595.962357,25
118.563855,225,596.352383,42
104.847234,226,597.732217,27
-49.517855,94,598.062706,8
-43.245516,96,598.394707,9
26.331131,157,598.748711,18
399.256227,446,599.241635,101
-35.994122,102,599.558623,11
-34.895453,103,599.883817,11
-43.305003,96,600.294322,9
53.053818,179,600.695834,22
39.55561,172,601.073388,19
-36.023183,102,601.40889,11
31.749937,165,601.792923,18
-36.010538,102,602.144158,11
118.814489,235,603.583647,36
26.093704,157,603.963252,17
24.814286,156,604.361463,16
26.08148,157,604.757391,17
26.643345,161,605.113216,17
17.321165,153,605.481963,16
-43.307312,96,605.831971,9
29.019318,163,606.198741,17
44.391659,174,606.567156,19
-46.054167,97,606.907835,8
138.466146,261,607.3296,29
26.628088,161,607.690223,17
65.502615,193,608.07827,24
27.226584,158,609.45087,17
288.019042,366,609.921525,70
76.991378,201,610.310107,24
284.538798,384,610.77029,52
-49.519302,94,611.103823,8
26.543774,156,611.444786,18
351.722401,431,611.925784,69
319.453902,398,613.416217,70
-46.033844,97,613.749225,8
-22.137401,115,614.095401,11
27.085441,158,614.45138,17
26.008982,157,614.826148,17
92.426691,213,615.217539,28
590.688138,621,615.819808,121
191.425283,298,616.256433,45
24.067107,154,616.609434,18
29.342891,160,617.96901,17
-26.768479,111,618.316635,10
-49.521752,94,618.659439,8
-34.814177,103,618.991034,11
305.595567,389,619.457668,64
170.566089,272,619.871926,46
-46.036112,97,620.203552,8
225.208534,320,620.646891,54
-43.262089,96,620.975774,9
176.352636,285,621.405073,43
-43.278868,96,621.751809,9
-43.312365,96,622.073721,9
135.142386,250,623.47363,33
-46.040991,97,623.794227,8
26.1265,157,624.153678,17
473.188681,513,624.679024,109
147.286006,265,625.089173,31
26.055572,157,625.452473,17
31.946745,162,625.813956,18
261.243206,358,626.268697,52
-43.282934,96,626.603503,9
26.058935,157,627.961383,17
-43.286938,96,628.296317,9
-25.175927,116,628.624361,10
59.545095,191,628.994444,20
33.512312,166,629.362138,19
108.076038,230,629.755143,29
26.102406,157,630.112324,17
333.933992,399,630.592562,83
22.680549,153,630.95176,17
-24.438195,113,631.289651,10
-49.505616,94,631.60565,8
281.888899,356,633.039175,75
282.626088,365,633.511369,65
24.135351,154,633.882272,18
29.01301,163,634.243187,17
22.779893,153,634.588602,17
101.200664,225,634.967454,27
-46.050475,97,635.29858,8
396.599255,446,635.794723,99
162.329928,279,636.208336,35
-49.520653,94,637.563139,8
29.488355,163,637.928382,18
24.803182,156,638.269173,16
386.573812,457,638.759286,81
184.686,286,639.189023,46
-49.504501,94,639.518465,8
33.794546,162,639.882188,20
-39.242786,102,640.214067,10
29.683317,160,640.565593,17
-46.032166,97,640.891131,8
289.85206,367,642.38269,75
-43.299604,96,642.703658,9
-39.2443,102,643.027344,10
435.102102,487,643.528866,96
25.956777,157,643.876981,17
207.566188,310,644.324157,49
111.670869,229,644.714364,30
26.050226,157,645.073335,17
17.433456,153,645.434886,16
558.150772,580,647.090358,127
17.452806,153,647.438961,16
27.716725,157,647.800278,18
30.754702,159,648.162143,20
26.553483,156,648.525534,18
26.04637,157,648.889061,17
35.968481,168,649.267467,19
-46.050093,97,649.606896,8
99.968672,222,650.01027,29
22.647612,153,650.368815,17
17.31883,153,650.736463,16
-25.594584,112,651.064109,10
27.789076,157,652.432067,19
30.52308,162,652.78805,17
-49.52261,94,653.114315,8
-43.269949,96,653.447807,9
-43.276309,96,653.781568,9
-23.269042,114,654.115763,10
24.862035,156,654.478701,17
-49.518305,94,654.810249,8
128.034573,251,655.209236,26
-43.291826,96,655.544725,9
134.188182,249,655.947053,37
165.91765,270,656.37292,48
148.843651,260,656.786268,37
-46.05645,97,658.129594,8
97.885964,212,658.526573,35
122.839689,232,658.920547,43
21.915887,158,659.278265,15
-46.048164,97,659.613303,8
-43.266704,96,659.937259,9
28.507326,159,660.291985,17
197.135671,300,660.711944,45
-86.890283,59,661.029231,3
-46.047396,97,661.355899,8
24.758193,156,661.715452,16
95.781785,221,662.12559,26
19.66197,155,662.51972,16
109.431412,222,664.02393,36
-39.291918,102,664.356863,10
-49.51539,94,664.68809,8
-43.280917,96,665.018615,9
441.838943,513,665.547514,77
26.596187,156,665.909079,18
26.06806,157,666.263841,17
107.275331,226,666.645563,29
26.577477,156,667.012969,18
95.988894,217,667.407317,27
-49.525339,94,667.74078,8
25.939299,157,669.109182,17
285.957406,361,669.558178,77
73.026217,196,669.95224,25
26.150246,156,670.316015,18
-46.057116,97,670.650779,8
-34.413198,103,670.995414,11
103.374004,226,671.387631,26
107.498069,221,671.811324,35
-46.050743,97,672.147191,8
308.196539,369,672.583479,88
136.82837,246,674.002194,39
118.53431,235,674.402112,35
-41.066015,101,674.719021,9
231.578733,356,675.156788,42
-49.517953,94,675.484092,8
36.198864,164,675.837023,20
17.526665,153,676.187294,16
291.783872,381,676.659846,59
26.506498,156,677.031401,18
-38.076453,103,677.367055,10
69.966147,193,677.739924,25
26.027915,157,679.116215,17
482.745579,509,679.634854,126
26.550648,156,679.992599,18
262.030763,350,680.435921,61
-49.524146,94,680.763923,8
30.193471,159,681.122505,19
16.326427,152,681.47998,16
26.081958,157,681.846448,17
26.062538,157,682.216783,17
22.741335,153,682.561803,18
29.006566,163,683.923717,17
-88.303497,60,684.229583,2
26.026852,157,684.59553,17
28.534545,159,684.959124,17
537.871019,552,685.506208,134
30.124432,159,685.858209,19
-33.224518,108,686.194306,11
28.899282,158,686.556587,19
507.818736,560,688.122827,99
16.1757,152,688.496357,15
-49.523951,94,688.842359,8
95.92977,220,689.243984,27
-43.300261,96,689.561018,9
-49.523169,94,689.88899,8
24.85956,156,690.236728,17
-33.249062,104,690.562725,11
23.963624,154,690.912266,18
73.359379,189,691.279104,33
17.414892,153,691.628341,16
23.974637,154,691.980195,18
27.166198,158,692.327712,17
275.974233,367,693.789636,57
164.912856,284,694.205174,31
162.597491,264,694.621214,47
25.247185,155,694.98491,18
-49.519373,94,695.305121,8
26.104379,157,695.675914,17
113.234753,233,696.083726,28
-43.301927,96,696.415779,9
21.84761,157,696.773783,16
301.360264,384,697.241604,66
197.977333,303,698.672073,46
-39.239744,102,698.996737,10
17.767618,149,699.357427,17
220.394183,313,699.800014,56
249.908609,344,700.233275,54
318.41959,404,700.724242,62
454.345042,522,701.274741,80
-46.028692,97,702.618612,8
-24.453377,113,702.963258,10
30.167188,164,703.331837,17
171.52718,284,703.759328,39
-46.04403,97,704.08743,8
26.634122,161,704.444521,17
27.811939,162,704.821727,17
182.480536,285,705.244314,46
-29.669203,108,705.587692,10
26.006526,157,705.948873,17
24.870805,156,706.303161,17
37.063572,166,706.660868,19
249.645522,343,708.131778,55
827.105829,775,708.824251,201
199.901932,321,709.280543,28
17.227697,153,709.647827,15
193.362071,295,710.066989,46
102.083866,215,710.440997,36
26.060196,157,711.812549,17
24.779795,156,712.185221,16
-27.470047,114,712.511188,10
108.916867,226,712.888466,32
161.511531,265,713.313476,44
297.078503,395,713.792462,53
24.926556,156,714.139302,17
255.662167,331,714.587663,73
25.458879,160,714.943881,17
17.402007,153,715.296844,16
-25.604232,112,716.656397,10
-43.25854,96,716.987213,9
27.176127,158,717.348122,17
25.297697,155,717.723667,18
407.883304,487,718.258801,72
26.119246,157,718.621802,17
302.246692,382,719.076194,68
-34.764114,345,719.530921,36
-46.049184,97,719.862925,8
-43.276898,96,720.195452,9
24.430643,159,721.557804,17
290.961775,361,722.115652,79
112.28954,227,722.516121,33
26.039789,157,722.87121,17
460.876573,517,723.413029,95
28.302529,159,723.774358,17
32.70189,166,724.145797,18
-49.508928,94,724.484302,8
202.773113,313,725.985092,41
119.389748,238,726.383877,33
-40.751596,101,726.717873,9
-43.269265,96,727.044514,9
16.132835,152,727.401943,15
24.900417,156,727.77341,17
-46.050676,97,728.102821,8
103.446474,217,728.488505,35
965.860157,892,729.202007,222
93.648439,219,730.540276,23
161.26775,271,730.951847,42
26.56604,156,731.334923,18
134.653593,243,731.750571,40
163.575873,265,732.169863,47
254.074592,348,732.632487,55
31.421494,160,732.994629,19
-26.353465,115,733.351139,10
27.294382,158,733.716057,17
17.489002,153,735.091305,16
159.998903,277,735.519312,34
27.740541,157,735.860184,19
24.824828,156,736.204562,17
407.142238,474,736.708672,82
-39.244406,102,737.021511,10
25.271637,155,737.370351,18
26.131945,158,737.734507,17
-27.764081,112,738.08019,13
-43.274425,96,738.420964,9
206.508024,320,738.888508,38
-49.520886,94,740.23723,8
26.077042,157,740.603197,17
-49.506044,94,740.923191,8
116.363814,240,741.315877,24
159.150531,275,741.72393,35
26.041275,157,742.092107,17
28.408389,159,742.437241,18
-43.286326,96,742.755524,9
26.515301,156,743.10586,18
191.563013,289,743.53756,51
94.203166,215,743.924834,27
-46.055425,97,744.261078,8
24.028493,154,745.639552,18
-46.047198,97,745.96955,8
-49.517116,94,746.298555,8
366.049142,439,746.799336,78
23.018285,153,747.156784,18
-38.201837,103,747.483016,10
-46.049667,97,747.803082,8
-23.299053,114,748.132829,10
-46.049278,97,748.469409,8
80.813299,208,748.837404,21
52.396971,183,749.204651,21
26.216273,157,749.55165,17
27.127824,158,749.920691,17
26.464249,156,751.285377,18
39.477531,171,751.649761,16
118.705622,240,752.038234,27
-25.206139,116,752.368225,10
-92.14297,56,752.673834,2
-43.256666,96,753.000966,9
920.448103,860,753.687926,208
183.351476,284,754.100774,47
25.006577,156,755.449826,17
26.879409,161,755.814058,17
25.277143,155,756.151704,18
121.292517,238,756.541927,31
177.987635,285,756.959954,42
24.76866,156,757.304591,16
-41.061754,101,757.632797,9
44.668114,171,758.013808,22
276.133895,372,758.466798,56
-38.74718,104,758.795681,9
89.106213,210,759.195317,27
-49.519574,94,760.545098,8
24.832729,156,760.907094,17
-49.509399,94,761.222116,8
18.555089,154,761.567936,16
470.909698,547,762.096918,89
227.665864,319,762.513695,57
-35.58137,102,762.84636,11
81.146514,201,763.2244,28
242.217966,334,763.665407,56
26.530467,156,765.051332,18
-43.256696,96,765.385483,9
27.31425,158,765.74406,17
17.407134,153,766.105588,16
26.124095,157,766.471473,17
-34.404554,103,766.792504,11
111.384527,225,767.174513,34
30.205639,164,767.544781,17
26.000441,157,767.903772,17
26.629459,161,768.263094,17
25.992123,157,768.620257,17
-46.044889,97,768.951269,8
-46.055331,97,769.294646,8
-49.511838,94,769.621586,8
-46.050919,97,769.948496,8
24.857418,156,771.289958,17
26.065572,157,771.648306,17
24.815941,156,772.008654,17
218.648058,313,772.447468,57
-43.302838,96,772.768075,9
-49.513742,94,773.10387,8
20.882347,153,773.465045,17
408.253861,471,773.980948,85
395.548002,475,774.478806,68
140.111399,251,775.862605,38
23.788609,155,776.222893,17
17.342158,153,776.565361,16
29.012792,163,776.919362,17
-46.039225,97,777.251165,8
304.152547,372,777.723717,84
26.030118,157,778.080263,17
390.349847,443,778.559264,96
186.469609,291,778.980015,44
210.756339,319,780.405041,40
26.199733,157,780.762263,17
-49.518043,94,781.097017,8
31.066158,161,781.449642,18
99.351429,221,781.853243,26
-49.502117,94,782.181266,8
30.769338,161,782.524275,18
24.738472,156,782.88425,16
109.658318,229,783.291594,28
323.34045,400,783.762957,72
19.557098,155,785.111828,16
221.864233,306,785.528553,65
361.793043,425,786.017892,85
-49.509531,94,786.331728,8
17.443865,153,786.678732,16
564.679648,589,787.233408,127
36.105158,169,787.601634,18
-49.500566,94,787.927641,8
23.733884,155,789.264618,16
-46.04619,97,789.585826,8
16.193108,152,789.937398,15
26.406591,155,790.278651,20
-46.039359,97,790.609653,8
586.678471,602,791.163703,132
-49.514398,94,791.492706,8
163.869063,271,791.908354,42
-43.302817,96,792.24441,9
-46.050909,97,792.565418,8
53.899966,181,792.953367,21
171.354213,280,794.381154,39
26.107926,157,794.741156,17
24.23298,154,795.158041,19
542.748758,566,795.705475,125
27.100509,158,796.05732,17
-41.076771,101,796.398309,9
-49.504998,94,796.716278,8
297.120744,370,797.202307,79
-46.058584,97,797.549486,8
26.092546,157,797.906147,17
-47.21805,96,798.227638,8
17.360591,153,799.586515,16
768.976518,762,800.219227,156
25.446733,160,800.574482,17
-43.307709,96,800.917703,9
520.240454,542,801.466382,127
183.964527,294,801.902169,39
33.302188,164,803.252421,18
313.002989,410,803.737916,54
26.090811,157,804.091161,17
171.314924,331,804.522948,32
28.213603,159,804.89511,17
26.106514,157,805.255078,17
-49.507072,94,805.589327,8
27.348661,158,805.934326,17
261.112477,365,806.388976,44
103.335903,226,807.759454,25
430.690195,471,808.250904,108
126.239993,243,808.657795,35
16.106287,152,809.017607,15
18.591429,154,809.385811,16
-49.51169,94,809.717885,8
24.889864,156,810.076645,17
209.209301,313,810.514462,47
22.969109,158,810.881762,16
26.094792,157,811.261806,17
31.546162,165,812.672753,18
34.613673,167,813.029301,19
151.385885,264,813.435007,35
26.008818,157,813.799326,17
19.589805,152,814.15255,16
24.816538,156,814.505764,17
26.058489,157,814.878016,17
-49.510272,94,815.22267,8
126.078698,251,815.61266,24
-49.497393,94,815.954319,8
-43.312329,96,816.301884,9
25.922891,157,816.661386,17
-31.367423,110,816.995464,10
25.989409,157,818.355552,17
37.072501,163,818.710547,23
24.260841,159,819.073347,17
29.017795,163,819.425183,17
21.026025,156,819.76947,16
36.772069,165,820.128231,20
24.938482,156,820.470136,17
-43.304025,96,820.799034,9
193.088116,293,821.236206,48
24.879531,156,821.581216,17
-49.509206,94,821.91061,8
23.687634,155,822.280125,16
25.013649,155,822.646084,18
23.976592,154,823.988959,18
-43.280606,96,824.329722,9
23.658183,155,824.689713,16
261.515136,356,825.160794,57
25.282297,155,825.560807,18
86.396246,214,826.002409,24
27.3699,161,826.407174,18
71.086383,193,826.777357,26
-29.674939,108,827.118165,10
24.832169,156,827.492358,17
24.859963,156,827.846179,17
-46.04587,97,828.178414,8
222.340936,329,829.627483,45
-43.290277,96,829.968825,9
25.517875,160,830.3306,17
-49.508002,94,830.658871,8
55.655747,176,831.013105,28
221.740551,321,831.447193,48
-43.271266,96,831.780086,9
108.104944,233,832.176049,24
-43.286705,96,832.514289,9
24.886189,156,832.870039,17
-30.852459,107,833.204298,10
19.929911,152,833.564734,17
27.817616,162,834.895323,17
-49.505472,94,835.225061,8
24.764956,156,835.584073,16
346.812497,402,836.049767,94
26.116996,157,836.402072,17
25.980802,157,836.763797,17
83.282814,206,837.123533,26
225.088449,328,837.554986,48
98.242656,221,837.942579,29
27.838408,162,838.301663,17
39.865675,165,839.654765,24
31.185913,160,840.029069,19
-43.305648,96,840.341396,9
154.266832,263,840.737382,40
199.588654,307,841.162007,40
358.932359,424,841.653186,84
30.048139,159,842.0131,19
-43.316302,96,842.336451,9
-176.14968,376,842.833337,24
158.947868,266,844.236392,42
113.839011,232,844.64549,31
26.081219,157,844.994009,17
-43.320067,96,845.312087,9
24.014398,154,845.654079,18
131.348971,255,846.066643,28
26.081912,157,846.417398,17
-49.505495,94,846.748619,8
-46.042121,97,847.07788,8
-43.307918,96,847.401133,9
26.019737,157,847.767811,17
190.10623,291,848.193033,51
28.46651,159,849.543347,17
361.035951,435,850.022198,74
-46.033692,97,850.35881,8
16.217445,152,850.718118,15
198.903429,298,851.157048,50
-49.508216,94,851.488642,8
23.643806,155,851.854651,16
-46.027473,97,852.187816,8
25.237977,155,852.547456,18
137.825626,252,852.954223,37
327.022751,407,854.423107,69
16.270335,152,854.778859,15
27.242629,158,855.140138,17
188.095399,301,855.567114,38
-46.047659,97,855.917546,8
386.196224,441,856.406959,94
24.920061,156,856.762239,17
89.960872,218,857.153301,23
27.03024,158,857.512528,17
