#{"t_start": 1707517423.4710515, "env_id": "hill_racing_env/HillRacing-v0"}
r,l,t,score
-98.0,293,0.308001,31
-27.0,372,0.661001,4
-183.0,668,1.229001,4
13.0,1201,3.413002,7
268.0,1201,4.363001,40
-73.0,110,4.515001,5
367.0,1102,6.544001,88
-66.5,63,6.667001,3
24.5,270,6.934001,22
-55.5,75,7.069001,5
-49.0,85,7.200001,6
-51.0,82,7.343001,5
-49.5,80,7.477,6
-41.0,94,7.607001,6
213.0,632,9.404,51
379.0,811,10.081001,118
-47.0,84,10.233003,7
0.0,165,10.437001,18
-47.0,71,10.562001,4
-6.5,154,10.734001,20
-52.0,62,10.857001,3
29.0,213,11.088001,23
11.0,163,11.282001,16
-52.0,75,11.417001,5
104.5,341,12.893001,36
-41.0,123,13.054001,12
-47.5,73,13.196001,4
106.0,316,13.509001,48
-57.0,62,13.632001,3
203.0,478,14.052001,5
56.0,247,14.298001,23
132.5,380,14.640001,50
-55.0,73,14.771001,4
351.0,712,16.535001,111
-54.5,54,16.656001,3
-54.0,82,16.804001,4
-52.0,69,16.943004,3
206.5,495,17.380002,59
-54.5,70,17.518001,4
331.0,711,19.382,105
-39.0,92,19.539001,8
-41.0,75,19.667001,4
-46.0,77,19.791001,3
287.0,532,20.248001,82
72.5,270,20.513001,35
-54.5,68,20.651001,4
-51.0,65,20.781002,3
-51.0,69,20.903005,4
140.0,362,21.237004,20
-53.0,66,21.363001,3
-45.5,77,21.498001,5
8.5,165,21.681001,23
-50.0,64,22.938,2
-53.5,57,23.067,3
-60.0,67,23.199005,5
216.0,436,23.612001,53
557.0,870,24.335001,113
-42.0,100,24.497001,8
-47.0,84,24.641002,7
-48.0,86,24.785001,6
251.5,508,26.377,48
20.0,168,26.577001,18
141.0,334,26.914001,45
217.0,438,27.327004,83
-56.0,76,27.453001,6
-20.0,125,27.621001,11
128.0,340,27.948001,58
-50.0,69,28.087001,3
-52.0,63,28.214001,3
136.0,345,29.730003,54
54.0,264,30.012,10
631.0,1201,31.194001,3
174.0,390,31.544001,57
-8.0,164,32.896,11
445.5,803,33.590001,130
127.0,325,33.924001,43
-22.0,116,34.103001,10
288.0,558,34.612001,49
-56.0,73,34.755002,4
-40.0,93,36.025,6
232.0,451,36.444,67
98.0,278,36.729001,12
-2.0,172,36.921001,10
-36.0,97,37.066001,9
102.5,308,37.373002,5
-38.5,102,37.527001,8
-50.0,66,37.666001,3
211.0,422,38.035002,63
188.0,398,39.690001,73
438.0,769,40.334005,164
115.0,321,40.651001,4
170.0,413,41.040001,65
308.0,567,42.680001,112
121.0,323,42.986001,29
98.0,306,43.281001,56
-37.0,103,43.420001,10
143.0,355,43.768004,46
-40.0,99,43.917001,6
-49.0,81,44.047001,6
-45.5,79,44.173001,4
-55.0,60,44.282001,2
139.0,326,44.600001,49
-32.5,92,45.913001,7
-52.0,60,46.042,2
-43.0,80,46.164001,5
25.0,172,46.372001,22
271.0,485,46.787002,103
108.0,284,47.082001,6
-48.0,67,47.212001,3
475.0,768,47.845001,106
-51.0,62,47.951001,3
85.0,300,49.493001,25
147.5,337,49.831001,51
-32.0,114,49.982001,12
49.5,252,50.248002,39
-44.0,89,50.397001,7
176.0,367,50.740122,52
240.0,443,51.159122,65
-1.5,153,51.358123,17
-36.0,84,52.652124,5
-38.0,81,52.806122,6
454.5,702,53.372122,123
-50.0,75,53.513123,5
240.0,431,53.929126,64
-49.0,83,54.078122,4
-43.0,84,54.218123,5
128.0,327,54.514122,12
223.0,428,56.063122,38
198.0,395,56.435123,75
284.0,545,56.936121,54
42.0,210,57.164122,6
235.0,458,57.590122,86
-47.5,66,57.719122,3
-53.0,74,57.856124,4
162.0,359,59.659122,51
-40.0,85,59.795122,6
403.0,607,60.300122,92
-57.5,73,60.440123,5
-40.0,77,60.580122,4
27.0,195,60.807122,23
-39.5,93,60.951123,8
103.0,271,61.231122,35
175.0,338,61.574122,51
-38.0,76,62.866121,3
-58.0,93,63.029122,7
336.0,529,63.465122,77
400.0,587,63.972122,89
191.0,351,64.316122,57
162.0,315,64.609122,48
340.0,526,66.247185,102
189.0,350,66.606185,53
448.0,639,67.178185,106
206.0,358,67.498185,63
206.0,371,69.051184,57
485.0,681,69.645185,96
388.0,578,70.141185,102
-10.0,130,70.322185,13
524.5,747,72.070187,130
338.0,525,72.521185,92
437.0,613,73.037185,95
147.0,293,73.305185,38
467.0,659,75.161184,82
350.0,505,75.609184,80
602.0,791,76.252314,123
251.5,408,76.631314,60
693.0,890,78.528315,126
461.0,658,79.125315,57
266.0,417,79.537315,56
435.5,593,81.203315,96
240.0,376,81.556315,51
252.0,375,81.901314,60
410.5,565,82.426317,92
379.0,555,84.148314,84
674.5,835,84.840315,140
211.0,408,85.237315,6
352.0,506,85.699315,71
261.5,395,87.217314,45
349.0,506,87.641315,79
372.0,522,88.097378,74
34.0,177,88.294378,12
-0.5,111,88.459378,6
461.5,616,90.388377,113
96.0,253,90.659378,24
168.0,343,90.994382,5
143.0,273,91.281378,37
454.0,615,91.775378,56
443.0,601,93.417423,94
207.0,358,93.771424,46
190.0,328,94.095423,43
571.0,723,94.716425,92
339.0,485,96.559423,79
293.5,431,96.968424,63
338.5,500,97.383427,79
-7.5,125,97.564424,9
413.0,558,98.013423,79
360.0,489,99.812423,69
212.5,349,100.156427,48
313.0,460,100.552461,56
483.0,624,101.080424,92
261.0,384,101.423424,52
341.0,495,103.017423,82
366.5,503,103.434424,61
255.5,400,103.79453,60
726.0,938,105.739529,132
263.0,406,106.12053,55
367.0,535,106.58253,70
134.5,275,106.87353,3
353.0,498,107.32653,62
256.5,403,108.835529,70
481.5,633,109.36753,86
687.5,858,110.07853,134
202.0,339,111.588589,50
249.5,392,111.971589,54
397.0,557,112.44359,91
737.0,918,113.179589,149
180.5,333,114.847658,49
-31.5,84,114.985659,3
176.0,290,115.285659,42
309.0,471,115.681662,63
590.0,752,116.293659,104
489.5,635,117.985659,111
415.0,560,118.427659,68
302.5,452,118.822659,68
379.0,534,119.312659,64
340.5,482,120.997659,54
517.5,646,121.560659,99
357.0,506,122.017659,52
282.0,420,122.404659,73
417.5,558,124.046659,92
456.0,604,124.593659,110
396.5,521,125.047661,76
886.0,1059,127.10866,144
299.5,416,127.46966,48
173.0,292,127.772659,39
502.0,645,128.313659,79
355.5,491,130.026659,73
684.5,820,130.681718,157
176.0,312,130.998719,30
459.0,601,132.64472,117
529.0,679,133.230718,113
456.5,602,133.717718,78
802.0,957,135.762717,151
282.0,416,136.136718,49
559.0,708,136.759776,116
355.5,484,137.185776,54
542.0,672,138.886776,107
742.0,887,139.643775,148
551.0,688,141.510775,106
506.0,629,142.072777,78
439.5,574,142.578776,67
1315.5,1481,144.933862,182
146.0,272,145.223861,40
453.5,581,145.727921,93
607.5,742,147.52792,116
339.0,457,147.965921,68
169.0,281,148.258921,41
847.0,979,149.055921,118
520.5,646,150.905921,99
766.0,896,151.623921,159
240.0,357,151.967921,9
221.0,333,153.41592,9
217.0,331,153.741921,36
528.0,654,154.299921,103
416.0,526,154.775921,78
498.5,615,158.341269,104
266.0,394,158.919268,51
548.0,655,159.586268,99
609.5,721,160.477316,104
301.0,410,163.939538,59
514.0,619,164.506874,98
359.0,471,164.917578,59
664.0,808,167.420674,22
495.0,605,167.964671,90
501.0,629,168.524671,96
526.0,650,169.072671,110
430.0,545,171.00973,81
613.5,746,171.65273,79
351.0,471,172.087785,56
585.0,706,173.832785,59
511.5,623,174.400785,93
695.5,819,175.079786,126
632.5,755,176.906831,103
483.0,603,177.424831,89
687.5,802,178.070893,139
409.0,518,179.673891,68
378.5,512,180.118949,69
472.0,600,180.662948,81
510.0,644,182.369011,85
529.0,658,182.952012,113
755.5,871,183.691012,117
476.5,602,185.467011,91
488.0,610,186.008013,88
360.0,462,186.425012,72
362.0,490,186.859012,67
471.5,578,188.547189,79
445.5,559,189.04819,79
595.5,712,189.64319,96
702.0,813,191.622189,113
301.0,424,192.01619,57
241.5,356,192.35619,46
434.5,556,192.81319,70
503.0,620,194.515189,68
551.5,659,195.07019,69
849.0,967,195.88419,143
646.5,757,197.707189,118
662.0,780,198.382361,135
901.5,1028,200.352357,138
207.0,309,200.674358,11
948.0,1063,201.507357,215
711.0,823,203.326358,125
387.0,497,203.755362,66
535.0,638,204.308358,99
310.0,416,204.70436,64
261.5,379,206.314358,44
217.0,329,206.624358,6
658.0,764,207.274358,132
637.0,745,209.056357,119
721.0,833,209.751358,103
451.0,570,210.252357,87
801.5,912,212.273357,136
366.5,492,212.718358,71
622.0,737,213.333362,97
608.0,717,215.103357,110
366.0,482,215.539358,61
554.0,658,216.103358,106
304.0,414,216.513358,9
338.5,449,218.123357,38
586.0,708,218.694358,108
489.0,596,219.196422,81
793.0,901,221.219421,127
733.5,841,221.918422,141
435.5,552,222.413422,76
358.0,492,224.066421,64
406.5,516,224.530383,54
10.5,117,224.698384,8
319.0,443,225.108661,59
549.0,656,225.70121,98
245.0,351,228.294257,48
628.0,736,228.92527,97
199.5,305,229.253507,42
302.5,411,229.628507,53
501.0,611,231.562507,74
160.0,267,231.864507,32
500.0,606,232.406507,100
514.5,631,232.951507,102
381.0,491,234.601557,64
709.5,824,235.308557,136
560.5,667,235.963558,73
235.5,347,237.652557,19
540.5,647,238.227557,94
892.0,1005,239.106689,142
634.5,755,241.48869,104
-28.0,78,241.630483,3
1113.5,1232,242.701484,190
242.0,358,245.561485,9
360.0,465,246.066483,65
331.0,440,246.524485,58
362.5,471,246.996483,90
379.0,484,247.481485,71
343.0,452,249.167484,63
364.0,469,249.62596,63
209.0,311,249.960032,36
540.5,644,250.544032,85
343.5,450,252.391548,56
-6.0,101,252.56055,7
671.0,796,253.266629,69
297.5,405,253.674628,56
522.0,628,254.219629,86
749.0,860,256.440629,134
-26.0,76,256.57663,3
421.0,524,257.052646,75
499.0,613,257.616646,88
415.0,544,259.564204,76
479.0,582,260.090266,75
158.0,266,260.374266,31
604.0,734,262.920265,97
414.0,517,263.396267,66
750.0,853,264.134266,115
503.0,612,265.918265,92
526.5,632,266.506266,89
475.5,583,267.014266,68
422.5,531,267.505881,65
870.0,977,269.551003,165
291.0,393,269.938004,51
939.5,1049,272.231002,142
662.0,795,272.926004,113
344.5,466,273.369003,66
527.0,631,273.925003,98
529.0,637,275.717006,77
713.0,818,276.415003,135
1045.5,1157,278.635035,163
797.0,907,279.428034,92
441.5,546,279.940093,65
770.0,876,282.070399,141
189.0,303,282.3684,25
1290.0,1413,284.7644,172
1010.0,1124,285.7164,155
447.5,552,287.504399,71
407.5,520,287.989473,55
403.0,509,288.447472,66
588.0,696,289.090473,90
287.0,394,290.851981,43
1010.0,1135,291.78253,138
1437.5,1572,294.198588,183
909.5,1022,295.027588,141
860.0,976,297.472588,139
292.0,405,297.854588,41
662.5,778,298.547736,115
1060.5,1177,300.793519,154
1435.5,1547,303.255588,47
206.0,331,303.591588,39
822.0,933,304.358656,121
262.0,369,305.907653,5
-31.5,71,306.050654,4
1127.0,1241,307.038653,138
45.5,152,307.243653,12
1189.0,1320,309.502731,162
938.0,1052,310.355731,146
327.0,438,312.071731,55
1030.0,1150,312.999732,137
280.0,385,313.369731,8
850.0,955,315.324731,115
300.0,405,315.707731,40
299.0,403,316.084731,45
814.0,918,318.164731,125
1467.0,1581,319.402792,190
-33.0,68,320.66379,4
425.0,535,321.163791,92
490.5,598,321.702791,28
1018.0,1141,323.78679,167
992.0,1101,324.681857,147
128.5,250,324.922857,34
867.0,980,326.902913,123
-17.0,84,327.055913,3
378.5,496,327.506913,61
602.0,709,328.10697,91
-24.0,77,328.24397,3
1567.0,1790,330.757036,185
853.5,977,332.946082,118
1366.5,1494,335.26814,162
235.0,346,335.609142,38
249.0,356,335.949142,41
1.0,108,336.105142,6
443.5,549,336.591144,16
2247.5,2458,339.921204,234
520.0,646,341.637203,90
225.0,326,341.966317,17
1110.0,1222,342.979316,123
947.0,1085,345.057385,143
699.5,812,345.733384,108
2260.0,2372,350.001443,230
2258.0,2374,353.206513,186
176.0,277,353.482513,30
851.0,957,354.285513,97
-1.0,109,354.443513,7
185.0,291,354.740513,32
619.0,738,356.504513,97
670.5,779,357.157585,94
1193.0,1303,359.329584,202
233.0,339,359.646585,46
557.0,664,360.222585,84
2653.0,2805,364.877647,298
1026.0,1132,365.830646,151
-16.0,91,365.975646,5
66.0,167,366.184646,17
160.0,262,367.809648,33
165.5,271,368.100646,9
-43.5,59,368.215646,2
425.0,531,368.676659,20
9.0,116,368.839646,8
208.0,320,369.143696,44
341.5,458,369.5477,62
381.0,493,371.164695,71
1581.5,1691,372.492696,220
-4.0,101,373.810773,5
1382.5,1505,374.994829,174
-44.0,58,375.112828,2
14.0,117,375.268829,7
387.0,499,376.867828,75
2047.0,2178,379.781892,231
645.0,767,380.417977,92
891.0,1137,382.567976,129
1052.5,1165,383.516976,149
2357.0,3014,388.368043,216
960.0,1078,389.257044,137
1310.0,1622,391.623044,128
309.5,423,391.996043,7
1768.0,1899,394.723044,213
269.0,371,395.083044,40
2551.0,2585,399.415043,301
1073.0,1184,400.391045,156
2151.0,2302,403.415109,162
1320.0,1424,405.671106,158
-28.0,74,405.800105,3
-24.0,80,405.933105,4
-35.0,67,406.058106,2
-20.0,89,406.194105,4
361.0,464,406.629106,4
547.0,659,408.520104,8
-29.5,73,408.658109,3
143.0,253,408.917105,20
20.0,123,409.091106,10
-38.0,64,409.224104,2
-30.0,73,409.363106,3
-38.0,64,409.493106,2
234.0,341,409.824105,54
401.0,517,410.291106,5
180.0,284,410.558106,49
174.0,279,412.047104,14
334.0,445,412.452105,5
702.0,823,413.138109,9
-36.0,65,413.250105,2
415.0,524,414.865104,7
946.0,1061,415.755105,144
-25.0,77,415.886105,3
947.0,1057,417.947104,125
366.0,474,418.382105,60
323.0,436,418.772105,62
418.0,526,419.222105,82
2555.0,2699,423.749104,261
3463.5,4080,429.355104,299
1151.0,1440,430.490105,152
282.0,385,430.862105,51
-21.0,81,432.192107,4
786.5,892,432.963105,145
499.0,605,433.497105,86
-31.0,70,433.630105,2
615.0,719,435.436165,105
709.0,823,436.127166,126
847.0,951,438.205217,127
2147.0,2330,441.272279,269
395.0,503,441.747279,65
2421.5,2441,444.947416,301
1750.5,1868,447.628415,198
290.0,395,448.006417,51
279.0,382,448.388415,52
1487.5,1601,450.778415,201
254.0,359,451.105415,57
214.0,316,451.418415,42
330.0,434,452.975415,66
147.0,250,453.256415,33
183.0,288,453.561415,42
381.0,498,454.022415,20
299.0,422,454.429415,21
327.0,433,455.964414,49
-9.0,97,456.111416,6
1083.0,1201,457.085471,23
419.0,531,458.98747,68
3118.0,3230,462.667517,249
1065.0,1179,464.843519,163
825.0,929,465.632518,142
196.0,300,465.947578,13
202.0,306,466.241578,48
517.0,630,467.905624,89
-35.0,69,468.042623,4
156.0,260,468.330627,43
1925.5,2036,471.090623,257
1320.0,1429,473.388625,161
574.0,682,474.000626,82
1651.0,2192,476.965687,185
1958.5,2818,480.491686,205
3126.5,3733,485.801687,277
673.5,792,487.641727,70
239.0,343,487.984729,57
843.0,944,488.771729,146
1605.0,1737,491.285729,204
292.0,397,491.675728,55
295.0,413,492.067789,85
1196.0,1301,494.303855,147
131.0,250,494.571855,39
193.0,308,494.863855,52
204.0,310,496.328941,49
-10.0,91,496.493941,4
-15.0,88,496.648942,4
508.0,609,497.180002,98
-11.0,92,497.341004,5
738.0,848,498.042072,131
304.0,409,499.769071,44
284.0,396,500.159124,61
354.0,462,500.580124,76
790.0,898,501.305127,25
325.0,432,502.884123,74
1740.0,1857,505.556123,141
-18.0,88,505.718123,4
213.0,317,506.032182,11
-8.0,95,506.187182,5
121.0,224,506.428182,24
134.0,238,506.686182,32
2878.0,3003,510.311246,212
226.0,340,511.819247,55
1198.0,1315,512.854247,153
693.0,796,514.854247,106
1883.0,2022,517.548291,263
222.0,329,517.883354,63
157.0,269,518.160354,40
219.0,325,518.481354,11
336.0,445,518.901354,67
1882.0,2549,523.180452,186
860.5,969,524.015454,146
191.0,293,524.322453,39
452.0,564,524.817454,90
368.0,475,526.412453,71
168.0,272,526.680454,41
1730.0,1882,529.336508,182
299.0,409,529.699507,70
509.0,632,530.240576,5
1460.5,1570,532.729576,190
1951.5,2064,535.683576,244
1633.5,1745,538.254692,223
1990.0,2122,541.102752,250
211.0,327,541.414751,60
242.5,350,541.750752,59
1770.0,2086,544.536752,184
2417.5,2545,547.65381,287
1651.0,1764,550.196815,240
175.0,286,550.49481,43
110.0,214,551.885809,23
241.0,349,552.21581,46
485.0,594,552.72381,17
1451.5,1600,555.293017,199
706.0,820,555.988017,128
722.0,837,557.852062,4
102.0,206,558.086063,29
172.0,289,558.381062,40
2677.0,3062,561.918208,217
1241.0,1365,564.165257,186
423.0,540,564.661257,9
253.0,366,565.003328,5
267.5,385,566.525328,68
162.0,275,566.804328,38
334.0,444,567.232327,63
205.0,321,567.533328,6
1867.0,2061,570.382328,228
480.0,592,570.901329,21
1402.0,1590,573.336328,150
280.0,391,573.708327,62
182014.5,182453,824.445744,300
-30.0,71,824.593744,3
-42.0,61,824.715744,3
-40.0,61,824.842745,2
46.0,147,825.039745,15
-39.0,62,825.176745,2
-33.0,68,825.308745,3
-35.0,66,825.429745,3
-44.0,57,825.557744,2
-34.0,67,825.685746,2
-28.0,73,825.821745,3
-40.0,61,825.946815,2
-41.0,60,826.073815,2
-36.0,65,826.205815,3
-2.0,103,826.359815,6
-26.0,75,826.493816,3
-36.0,65,826.620816,2
-33.0,68,826.755816,2
-32.0,69,826.876819,3
-45.0,66,826.996816,2
-32.0,69,827.133816,2
1100.0,1201,829.295816,6
-24.0,77,829.437816,3
-25.0,76,829.566816,3
-47.0,54,829.670815,2
-35.0,78,829.806816,4
-42.0,59,829.940815,2
-36.0,65,830.070816,2
-37.0,64,830.202819,2
-40.0,63,830.315815,2
1100.0,1201,832.530816,6
-43.0,58,832.662815,1
-39.0,62,832.792815,2
102.0,212,833.027816,22
-21.0,89,833.180815,4
1094.0,1201,834.148815,20
-16.0,85,835.440814,3
-38.0,63,835.573814,1
-41.0,60,835.701815,2
478.0,582,836.208815,93
-22.0,79,836.345815,4
-10.0,91,836.493816,5
-33.0,68,836.612816,3
-44.0,57,836.717816,2
-34.0,68,836.844815,4
-39.0,62,836.970816,3
1100.0,1201,839.120815,7
613.0,723,839.735815,102
197.0,301,840.031815,15
404.0,521,840.497815,90
106.0,208,841.885814,30
-35.0,66,842.029859,2
-35.0,66,842.170862,2
138.0,243,842.439861,11
533.0,653,842.97286,102
-23.0,87,843.098861,4
-34.0,67,843.21886,3
1100.0,1201,845.35586,7
326.5,432,845.755861,13
-39.0,69,845.883861,3
0.0,114,846.051919,7
1100.0,1201,848.335918,7
233.0,356,848.687919,55
239.0,340,849.017918,11
83.0,199,849.24492,27
240.0,353,849.578918,59
-23.0,89,849.716919,5
361.0,475,850.11798,71
-29.0,73,850.24998,3
205.0,327,851.73598,53
189.0,306,852.01898,45
326.0,441,852.402979,73
249.0,359,852.75798,66
238.0,345,853.097054,59
-22.0,79,853.244054,3
404.0,526,854.877054,80
332.0,443,855.287053,50
270.0,384,855.642054,29
158.0,276,855.925129,52
-20.0,84,856.058129,5
267.0,375,856.399129,66
193.0,296,857.992128,45
274.0,389,858.374128,66
-41.0,60,858.506129,2
105.0,222,858.751129,27
-10.0,92,858.912129,3
206.0,311,859.229131,52
144.0,258,859.502129,36
308.0,426,859.899129,84
513.0,632,861.626129,95
-37.0,64,861.762129,3
561.0,670,862.355208,133
456.0,561,862.879209,90
228.0,331,864.348305,58
914.0,1022,865.191306,140
540.0,649,865.739309,127
1549.5,1674,868.234562,159
325.5,428,868.636562,69
-27.0,74,868.764567,3
495.0,605,870.442563,99
441.0,567,870.913563,81
332.0,449,871.342563,64
655.0,760,873.337562,98
156.0,272,873.628563,33
181.0,285,873.935561,24
389.5,502,874.386563,76
406.0,509,874.852563,71
265.0,379,875.213562,64
479.0,602,876.891563,93
241.0,347,877.210563,42
309.0,431,877.609563,51
193.5,305,877.915564,44
247.0,363,878.273563,58
141.5,252,879.681561,34
489.0,626,880.255563,104
427.0,529,880.684562,78
136.0,265,880.955563,27
710.0,815,882.776562,136
484.0,588,883.283632,94
283.0,394,883.653632,52
595.5,706,885.420677,85
744.0,858,886.111743,110
-19.0,86,886.265743,5
306.0,407,886.627745,11
212.0,322,886.935742,38
188.0,293,887.219742,43
-5.0,108,888.639745,7
635.0,749,889.30582,84
1401.0,1506,891.62988,207
455.0,571,892.11897,110
-12.0,89,892.270966,4
510.0,619,892.808966,101
240.0,371,893.170966,47
618.0,738,894.963021,125
268.0,381,895.328022,49
677.0,792,895.99902,67
863.0,964,897.953076,14
407.0,529,898.420074,74
541.0,666,898.994076,96
1220.0,1333,901.186074,189
148.0,267,901.462074,41
317.0,425,901.849074,62
230.0,341,903.442131,47
699.0,808,904.116132,117
159.0,274,904.406132,36
815.0,923,906.349132,120
719.0,829,907.023197,92
677.0,790,907.687196,106
-30.5,72,907.834196,3
313.5,424,909.457195,62
855.0,963,910.238197,161
435.0,536,910.712196,84
296.0,403,912.230195,64
363.0,469,912.675195,69
118.0,232,912.929196,25
198.0,304,913.247196,47
231.0,340,913.575196,35
292.0,398,913.962196,45
276.0,398,915.548195,55
151.0,266,915.832196,40
1072.0,1192,916.800197,135
348.5,466,918.548242,46
297.0,400,918.918331,47
1066.0,1199,919.891333,146
223.0,328,920.221404,45
1182.0,1288,922.432401,88
220.0,328,922.735404,50
1117.0,1229,924.952403,122
867.0,988,925.782401,133
1356.0,1481,928.084527,176
796.0,898,928.873527,113
968.5,1111,930.947527,129
443.0,556,931.432527,60
342.0,460,933.022527,43
441.0,547,933.537528,60
654.0,769,934.174586,116
831.0,951,936.133629,116
1866.0,1981,938.890734,232
1202.0,1445,940.055734,115
1724.5,1851,942.671737,165
1526.0,1752,945.558913,129
3606.0,4062,951.054955,297
1007.0,1129,953.159998,154
2021.5,2335,956.220063,182
533.0,637,956.773062,70
352.0,460,957.192062,61
202.0,306,957.482061,33
2900.0,2903,962.210063,301
807.0,911,962.969062,125
225.0,328,963.301062,30
120.0,237,964.798061,30
1559.0,1677,966.12012,192
493.0,609,967.804119,89
468.0,570,968.29612,84
279.0,383,968.67612,45
2776.0,2807,973.273122,301
223.0,333,973.63312,50
2818.5,2964,977.219304,245
248.0,354,977.561304,42
2532.0,2888,982.181404,236
2743.5,3245,985.970466,201
3012.0,3021,990.630769,301
2194.5,2366,993.608827,210
2944.0,3000,997.115876,301
3707.0,3900,1002.566939,258
2807.0,2819,1007.151142,301
3434.0,3643,1011.287191,278
2258.5,2402,1015.597191,209
-29.0,73,1015.72419,4
-25.0,76,1015.865192,3
505.0,612,1016.395256,12
1100.0,1201,1018.539254,13
630.0,731,1019.190258,10
-32.0,69,1019.337255,3
783.0,884,1020.094318,11
-39.0,62,1020.217316,2
1100.0,1201,1022.318321,13
253.0,355,1022.665316,62
832.0,936,1024.726316,9
-34.0,67,1024.862317,2
1098.0,1201,1025.855318,15
815.0,917,1027.788316,13
-40.0,61,1027.906318,3
-24.0,77,1028.02932,2
-32.0,69,1028.148316,2
938.0,1042,1029.021317,17
1029.0,1130,1031.139316,10
-29.0,74,1031.283317,3
1011.0,1121,1032.191317,22
-10.0,91,1033.518316,4
1098.0,1201,1034.524317,20
316.0,419,1034.931316,10
1100.0,1201,1037.113406,14
909.0,1010,1037.898407,13
1100.0,1201,1040.038406,17
-33.5,69,1040.167406,3
-29.0,72,1040.305406,2
350.0,453,1040.722406,20
1097.5,1201,1042.823466,14
271.0,376,1043.167465,10
687.0,789,1043.803465,18
47.5,161,1044.000551,15
923.0,1024,1046.15461,9
1100.0,1201,1048.250609,18
-41.0,60,1048.38561,2
347.0,470,1048.80961,78
1100.0,1201,1049.791674,10
1095.0,1201,1051.894755,15
538.0,641,1052.451756,107
-25.0,77,1052.594756,4
1099.0,1201,1054.751798,9
-40.0,61,1054.877798,2
1100.0,1201,1057.021863,13
1100.0,1201,1057.994863,10
292.0,394,1058.363868,47
324.0,431,1059.995863,52
1542.0,1726,1061.406863,172
1080.0,1201,1063.545868,22
2011.0,2125,1066.626974,188
1057.0,1158,1068.736973,16
238.5,360,1069.085974,52
1267.0,1383,1070.234975,136
2770.0,2950,1074.882042,228
3536.5,3684,1080.219111,290
882.0,986,1081.035112,33
400.0,504,1081.492112,64
242.0,345,1082.989111,17
436.0,538,1083.480112,21
271.0,385,1083.833112,44
1096.0,1201,1086.067114,14
120.0,225,1086.314111,18
348.5,472,1086.737112,87
1091.0,1201,1089.732139,18
1096.0,1201,1090.78314,12
354.0,461,1091.19014,54
566.0,669,1092.93114,14
1100.0,1201,1093.91014,12
1098.0,1201,1096.26214,12
717.0,823,1096.939204,20
1100.0,1201,1099.069203,12
369.0,472,1099.500202,75
381.0,482,1099.951203,9
328.0,429,1101.538204,12
-39.0,64,1101.674204,3
708.5,821,1102.357202,81
1093.0,1201,1104.495202,17
1674.0,1777,1105.925272,172
330.0,435,1107.51627,15
553.0,660,1108.096271,18
1095.0,1201,1110.29727,13
589.0,692,1110.926271,25
640.0,742,1111.552271,91
282.0,405,1111.934351,60
-14.0,87,1112.079352,4
1314.0,1421,1114.374352,165
133.0,238,1114.625351,12
1100.0,1201,1116.892417,10
626.0,727,1117.506417,12
1007.0,1110,1119.655475,22
2388.0,2549,1123.066475,191
1396.0,1595,1125.697475,128
857.0,958,1126.499475,12
2198.0,2328,1129.596477,170
2167.0,2324,1134.342535,192
864.0,966,1135.200533,14
85.5,234,1135.447532,21
1881.0,1999,1138.302532,209
255.0,357,1138.652533,52
306.0,410,1139.048533,62
565.0,667,1141.377604,15
462.0,567,1141.882317,15
1301.5,1425,1145.337364,153
324.0,432,1145.782364,63
460.0,568,1146.298365,110
2047.5,2283,1149.566593,223
457.0,615,1152.19759,60
1199.0,1302,1153.341589,157
940.0,1050,1155.88259,117
884.0,1038,1156.781589,104
2244.5,2413,1160.106648,169
3442.0,3502,1166.062414,301
2894.5,3041,1171.165413,240
-26.0,83,1171.326413,4
154.0,263,1171.612414,13
-28.0,81,1171.755413,5
587.0,697,1172.371489,21
242.0,354,1172.730489,15
520.0,633,1174.477489,16
266.0,382,1174.84749,15
312.0,451,1175.273488,77
102.0,210,1175.533491,13
-44.0,71,1175.66649,5
1097.0,1201,1178.341032,13
1098.0,1201,1179.323034,17
110.0,222,1180.781032,17
246.0,362,1181.158033,15
216.0,331,1181.504034,12
1170.0,1288,1184.005032,63
704.0,812,1184.774032,11
1045.0,1169,1185.751033,25
1090.0,1201,1188.613034,26
70.0,188,1188.843035,20
220.0,352,1189.198033,48
175.0,311,1189.534034,43
582.0,748,1191.413034,97
1017.0,1146,1192.348033,156
-41.0,65,1192.477033,3
1019.0,1135,1194.610034,10
1072.0,1201,1197.106032,17
187.0,299,1197.418034,13
1086.0,1201,1198.403034,23
464.0,617,1200.216361,94
1720.5,1869,1203.012362,206
362.0,480,1203.469362,71
1132.0,1245,1204.529472,149
272.0,392,1206.105471,13
320.0,444,1206.554472,21
592.0,700,1207.161472,11
-35.0,74,1207.294472,5
-25.0,85,1207.451472,6
722.0,827,1209.312471,18
694.0,802,1209.973472,23
598.0,707,1210.603472,16
66.0,180,1210.836472,9
470.0,573,1212.750475,14
886.0,999,1213.570473,122
942.0,1051,1215.873472,30
338.0,441,1216.298019,9
234.0,337,1216.675019,11
240.0,347,1217.038021,16
-33.0,80,1217.172019,6
407.0,513,1218.860019,13
789.0,910,1219.663019,19
781.0,888,1220.462535,19
566.0,670,1222.94457,12
477.0,584,1223.478569,16
206.0,314,1223.787568,16
610.0,713,1225.65957,12
746.0,849,1226.451891,10
-26.0,85,1226.605889,6
349.0,452,1227.053888,13
748.0,856,1229.155889,15
414.0,533,1229.666889,62
1081.0,1201,1230.662888,32
824.0,956,1233.06989,103
214.0,321,1233.411889,13
624.0,739,1234.08089,69
1188.0,1295,1236.475889,146
199.0,302,1236.800889,10
795.0,900,1238.861889,25
1489.0,1610,1240.193889,158
916.0,1020,1242.434889,14
335.0,443,1242.861889,11
228.0,347,1243.199889,13
-33.0,73,1243.346889,4
641.0,744,1245.32389,15
911.0,1018,1246.200889,24
-32.0,72,1246.338889,4
1006.0,1141,1248.754987,125
1096.0,1201,1249.771901,18
140.0,262,1251.383413,14
-36.0,68,1251.526413,3
524.0,632,1252.114413,10
665.0,770,1252.801414,9
590.0,696,1254.603412,80
-43.0,66,1254.746413,3
-35.0,70,1254.890413,4
733.0,844,1255.622413,12
-32.0,74,1255.760417,4
-41.0,64,1255.877413,3
-43.0,62,1256.016413,3
-36.0,71,1256.141413,4
981.0,1085,1258.438413,11
1067.0,1170,1259.395412,12
236.0,346,1259.743413,9
987.0,1104,1261.926413,78
-22.0,83,1262.075413,4
676.0,788,1262.743416,109
554.0,662,1264.515412,105
1190.0,1306,1265.562413,164
234.0,337,1267.175412,10
553.0,659,1267.770413,74
624.0,737,1268.368415,88
535.0,646,1270.147412,89
1099.0,1201,1271.140413,17
1929.0,2074,1274.198414,190
754.0,874,1276.228412,138
632.0,750,1276.882413,97
-43.0,59,1277.015415,2
886.0,989,1277.882413,20
1092.0,1201,1280.172413,15
357.0,460,1280.636415,10
255.0,360,1281.002413,10
1097.0,1201,1283.629413,10
634.0,750,1284.301414,18
1004.0,1105,1286.691414,16
-28.0,75,1286.831412,4
370.0,478,1287.296413,11
813.0,915,1289.354414,117
1100.0,1201,1290.356413,14
273.5,395,1290.748413,52
1085.0,1201,1293.150413,16
2890.5,3337,1298.403414,236
-33.0,70,1298.525413,4
840.0,944,1299.287413,107
400.0,503,1299.763413,26
1093.0,1201,1302.013413,22
319.0,425,1302.421415,50
142.0,247,1302.723413,9
-31.0,70,1302.860413,4
3549.0,3817,1308.503412,288
1437.0,1542,1311.041413,185
1735.5,2102,1314.236413,163
754.0,875,1315.001415,24
-43.0,64,1315.141413,3
2852.5,3311,1320.888506,218
1495.0,1677,1324.027506,194
338.0,450,1324.447506,21
-18.0,87,1324.583506,3
867.0,980,1326.597505,24
496.0,604,1327.139507,15
-37.0,73,1327.277506,3
-44.0,68,1327.412506,3
-16.0,96,1327.556507,6
1096.0,1201,1329.702506,13
621.5,741,1330.356506,18
-35.0,84,1330.508493,5
348.0,470,1330.942492,71
195.0,315,1331.268492,16
627.0,738,1333.329492,21
632.0,745,1333.954492,14
-25.0,86,1334.108492,4
-46.0,64,1334.246492,4
545.0,657,1336.12449,10
1091.0,1201,1337.121492,16
1088.0,1201,1339.406492,16
-45.0,58,1339.539492,2
-28.0,84,1339.687491,4
-36.0,77,1339.823492,4
4032.5,4225,1345.611492,301
294.0,409,1345.987493,18
2579.5,2837,1349.449491,242
2534.0,2809,1354.329493,202
-27.0,82,1354.469492,4
-25.0,90,1354.617491,6
906.0,1018,1355.473494,15
43.0,153,1355.687492,10
957.0,1064,1357.786492,12
424.0,563,1358.299491,45
224.0,334,1358.628492,10
2461.0,2666,1363.638688,187
2715.0,3052,1367.413689,283
47.0,159,1367.619689,12
294.0,508,1369.377691,66
1382.0,1558,1370.63369,202
1852.0,2099,1373.574689,189
2.0,116,1373.754689,9
166.0,292,1375.339688,31
67.0,178,1375.566689,17
160.0,274,1375.85569,37
2408.0,2879,1379.442689,208
-37.0,71,1379.575689,4
2965.0,3142,1384.531691,301
238.0,346,1384.900689,12
-43.0,67,1385.038689,3
1095.0,1201,1387.476688,10
1074.0,1187,1388.523692,155
12.0,120,1388.719688,8
407.0,515,1389.214689,13
1093.0,1201,1391.65569,10
391.0,508,1392.125689,13
144.0,259,1392.408689,21
1338.0,1476,1395.087208,173
257.0,364,1395.451207,12
153.0,259,1395.729208,11
894.0,999,1398.151726,18
434.0,549,1398.675725,107
-28.0,78,1398.822726,4
85.0,190,1399.048725,16
288.0,394,1399.424725,62
139.0,272,1401.001729,14
195.0,303,1401.327725,53
1098.0,1201,1402.324725,9
885.0,998,1404.613726,118
-22.0,80,1404.749725,2
778.0,882,1405.500725,8
1097.0,1201,1407.872725,9
283.0,401,1408.270724,49
244.0,358,1408.634725,54
342.0,460,1409.076725,17
-35.0,77,1410.492724,5
298.0,420,1410.896726,63
263.0,390,1411.285725,62
675.0,801,1411.982725,116
157.0,270,1412.278725,15
1092.0,1201,1414.585726,27
263.0,379,1414.963724,14
1100.0,1201,1417.337726,18
-34.0,80,1417.483725,5
865.0,999,1418.337725,124
906.0,1045,1420.530726,147
306.0,426,1420.952726,74
399.0,512,1421.429725,71
41.0,149,1421.619725,12
249.0,368,1423.210727,58
773.5,911,1424.017725,137
370.0,493,1424.492725,70
332.0,448,1424.905729,66
3110.5,3209,1430.301727,301
515.0,623,1430.854729,10
1831.0,2151,1434.344725,195
1535.5,1980,1437.618394,154
1177.5,1357,1440.198421,137
1265.0,1408,1442.598424,153
-40.0,67,1442.737423,4
-38.0,79,1442.870421,5
-40.0,68,1443.00142,3
2111.0,2436,1446.264449,185
460.0,590,1446.786448,98
28.0,150,1446.990448,12
-49.0,64,1447.123449,3
1670.5,2278,1450.211449,152
-11.0,116,1451.630448,10
-38.0,80,1451.792448,5
822.0,966,1452.599448,137
-45.0,61,1452.723447,2
1092.0,1201,1455.098449,8
795.0,940,1455.921449,20
-35.0,79,1456.064449,5
-40.0,79,1456.206449,5
319.0,460,1456.633449,90
1239.5,1480,1459.124449,165
647.0,762,1461.063447,9
292.0,411,1461.46945,12
791.0,962,1462.273449,155
2315.0,2460,1465.535449,230
-43.0,76,1465.678448,4
74.0,203,1467.258448,20
2766.5,2942,1471.199449,237
