#{"t_start": 1705531866.9630964, "env_id": "hill_racing_env/HillRacing-v0"}
r,l,t,score
48.375467,212,0.597,11
-1722.659272,745,1.516001,3
-8012.318228,2182,4.251,5
30.880501,193,4.828,16
-2763.176974,1197,7.004999,29
-405.902858,530,7.781002,9
-57.242003,91,8.294,9
-77.625311,295,8.923999,10
-282.09825,115,9.466999,0
-95.001531,171,10.032002,13
13.941898,166,10.589,13
-369.065836,120,11.152,0
102.82139,312,12.792,31
27.413317,180,13.365999,9
31.478267,206,13.950001,18
25.852425,177,14.520002,8
106.32532,338,15.181001,13
-241.602591,140,15.732001,0
-40.500377,130,16.274001,2
-3327.702733,861,18.238339,13
-99.192775,241,18.85934,5
-1.269028,334,19.518341,24
-644.632461,481,20.266341,10
-441.803161,322,21.005339,20
-1723.113818,1199,23.144341,0
-7305.768332,1574,25.575343,5
-1433.85598,469,26.356343,11
-124.631876,121,26.88934,4
145.436847,425,27.596342,12
-342.021437,216,28.194342,1
-217.459364,164,28.770341,1
-239.572597,171,29.34134,1
-5525.650466,1510,31.756344,6
-29.963268,111,32.29634,12
-2619.47548,1014,34.34834,10
-5056.094606,1014,35.42034,4
-220.36666,92,35.97534,0
-590.037915,543,36.76934,30
354.085975,489,38.46934,21
-127.149827,144,39.02834,6
-3526.216963,1024,40.12234,2
-875.755976,608,41.87734,12
-118.597254,515,42.643341,28
186.8979,294,43.28634,46
-1881.008995,1304,45.488342,29
-108.291473,574,46.291341,11
-1410.519109,700,47.16434,27
-305.075811,216,47.771343,0
-467.997613,256,48.426341,1
183.208869,492,50.313342,24
-25.613327,114,50.872341,11
-5493.720404,1181,52.142341,9
-82.349624,74,52.661339,7
335.466972,455,54.420339,42
552.293308,616,55.262342,100
-565.447768,382,55.945341,14
96.808813,241,56.548342,22
276.111885,379,57.23134,59
-88.753313,66,57.73434,5
-4487.230875,1278,59.88034,27
-421.296636,366,60.55734,14
24.344149,181,61.125343,21
-334.115486,361,61.804342,18
181.377476,306,63.41434,40
356.679086,484,64.160341,59
274.43857,364,64.84634,62
124.3007,258,65.46234,22
-3092.348555,1062,67.563339,46
409.506524,528,68.334342,69
534.192345,592,69.154341,99
-24.696398,113,69.694341,12
-88.752733,64,70.19634,3
87.345156,204,70.77634,37
77.945108,209,72.291343,25
-9.455772,1260,73.49634,126
-87.308035,67,74.00434,4
-91.140653,60,74.507342,3
-77.783245,79,75.02534,5
165.858634,269,75.649341,45
-2.498338,144,76.208341,15
-327.515702,609,78.03034,47
141.717102,263,78.65034,34
-62.736917,87,79.17134,7
-80.520204,75,79.697474,6
-158.402436,194,80.281474,11
114.804609,236,80.882473,43
-40.065867,99,81.408474,10
-121.057869,113,81.948474,4
35.540055,351,82.630473,49
772.231444,781,84.588475,148
-40.490925,109,85.136475,10
-65.616636,79,85.649475,8
36.496102,169,86.214473,29
-77.025894,82,86.726474,5
-32.812297,110,87.253474,11
-78.987496,78,87.764475,4
511.861542,791,89.636473,74
-34.934363,362,90.325474,21
-86.461022,67,90.836474,4
-132.923503,115,91.368474,5
129.231112,264,91.991474,25
-142.781461,255,92.619473,8
-8.042759,235,93.220474,8
199.199959,320,93.871474,40
-8.080198,143,94.422475,10
-84.894689,137,94.970474,4
153.403403,691,96.871474,49
285.306659,414,97.573474,53
59.773755,198,98.154474,25
-125.372735,1007,100.171472,49
57.445817,197,100.757474,20
319.978955,430,101.467474,55
-16.716918,119,102.000474,17
56.027575,202,102.582474,16
2470.7372,2431,105.385473,412
-2.305494,133,105.932477,14
284.845637,375,106.618474,69
-54.268206,93,107.135473,7
188.445587,292,108.744474,50
12.913277,150,109.314473,15
-78.560172,75,109.829474,4
103.392303,223,110.423476,33
-54.87132,88,110.939909,9
-64.494543,83,111.453909,7
-89.824055,60,111.955909,4
-88.103519,63,112.457912,2
-95.221995,60,112.963909,3
-81.072324,76,113.483909,5
10.457971,145,114.04591,17
-48.558388,95,114.57391,8
-86.765539,74,115.089908,5
286.261821,376,115.773909,69
-19.122123,124,116.319909,15
895.162791,893,118.257908,174
163.291484,265,118.875909,51
-75.9922,72,119.385909,4
298.029121,386,120.080909,71
91.320395,333,120.740909,44
-83.783864,67,121.244909,5
519.027124,571,123.085912,103
-76.812708,79,123.60791,4
182.892615,295,124.243908,36
38.412149,215,124.83291,11
8.626091,161,125.626909,9
276.620971,378,126.339911,60
1048.361634,1131,128.54191,183
-83.538217,65,129.054909,3
-65.970549,87,129.570909,5
-81.031012,66,130.076909,5
-92.275507,59,130.573909,2
-96.074343,57,131.076909,2
-92.083047,62,131.575911,4
-88.541917,69,132.080909,4
-84.455712,70,132.587909,5
-139.262006,387,133.274909,17
-48.963641,94,133.801909,9
666.23235,691,135.70591,145
-54.657478,94,136.232912,6
-65.71987,79,136.749908,6
540.650266,595,137.552909,105
-68.827361,80,138.069909,5
-760.426673,453,138.795908,10
386.673055,439,140.535911,96
-82.563765,68,141.05291,5
161.655456,273,141.679909,52
337.361641,439,142.406909,60
-86.359054,66,142.917913,3
-6.909001,494,143.672909,28
-88.777428,63,144.172909,2
588.491743,614,145.989909,130
38.899956,163,146.565909,22
-80.853532,63,147.07991,4
152.876623,254,147.69391,37
243.554299,331,148.350909,64
368.350914,447,149.074909,79
328.221682,420,149.79291,55
-86.721904,63,150.297911,4
81.09325,210,150.883909,34
64.283637,206,152.452909,15
319.136488,405,153.173909,69
-85.521612,65,153.675909,4
-731.316041,475,154.414909,11
-37.220107,110,154.942909,9
-96.834045,53,155.438909,2
178.828282,309,156.08391,28
553.147106,589,157.827909,133
310.657054,418,158.53791,50
-80.42619,66,159.042914,4
-109.34488,119,159.60591,4
-80.369418,65,160.110908,4
-92.319531,69,160.620909,3
-53.192873,94,161.15291,10
189.788991,315,161.859911,36
442.705946,695,162.765908,86
-52.094716,102,163.339909,9
37.334618,172,164.927909,19
-74.729485,95,165.464909,4
-88.196517,68,165.970908,4
-31.619419,118,166.50591,12
24.192714,181,167.079909,28
33.380536,178,167.64491,15
-79.599883,72,168.154909,3
874.224295,870,169.11491,154
381.817986,453,170.783908,82
289.364774,382,171.473909,55
-37.277296,101,172.004909,11
882.100579,869,172.968909,169
-91.943874,60,173.469909,2
-63.120259,85,173.987909,5
45.513179,194,174.565909,22
-9.508202,139,175.107912,12
149.294291,839,177.081909,62
-68.570995,126,177.622909,8
-38.56459,111,178.158909,7
-137.87233,463,178.899909,18
-4.264175,144,179.453909,14
705.018471,759,181.322909,114
409.091137,644,182.161909,103
-28.030202,122,182.700746,9
-37.974084,384,183.425744,27
161.579065,279,184.053743,34
-84.750674,74,184.565743,4
-40.846931,177,185.134744,12
229.26687,357,186.897747,26
177.273901,288,187.533746,49
-98.213773,345,188.199748,12
-28.409764,122,188.734743,13
-35.924889,94,189.252743,9
365.240395,502,190.007744,46
142.042269,276,190.633743,18
485.104444,588,192.390743,61
-74.562293,77,192.900743,6
202.090408,362,193.579744,30
29.829198,177,194.146893,17
219.615626,399,194.840895,48
33.084513,270,195.476894,33
-79.692257,72,195.992893,3
-64.283205,118,196.531893,6
334.413405,458,198.239893,41
-90.66185,62,198.739893,3
-38.62434,97,199.265894,5
-69.699463,80,199.787895,5
-4.592696,279,200.420893,15
-68.64219,102,200.940893,5
97.849588,218,201.527893,30
-80.288752,69,202.040893,4
57.509176,257,202.661893,17
70.765737,219,203.258893,31
83.584335,207,203.848896,36
301.882267,405,205.498917,53
-100.212499,50,206.004914,1
-90.046844,59,206.512915,3
63.023225,194,207.100914,23
211.473203,307,207.743913,61
33.256203,201,208.328914,8
-760.91498,409,209.045915,5
-87.483878,64,209.556916,4
34.684554,169,210.126915,17
150.249577,283,210.764914,22
-93.123887,61,212.243914,3
-52.279277,91,212.794914,6
300.162925,397,213.491915,64
-141.18007,263,214.142914,6
-94.251538,56,214.671919,1
-95.519538,75,215.201914,4
-89.368548,59,215.712915,3
155.433605,296,216.359914,30
194.045233,296,216.997916,54
104.061002,226,217.594916,32
234.333988,322,219.198913,59
1871.025001,1817,220.729914,236
-29.121365,104,221.256915,7
104.839256,267,222.850913,15
-9.019873,138,223.405914,13
-76.974493,77,223.926914,4
1228.182474,1204,225.097916,188
640.177694,671,226.960913,125
1234.1489,1245,228.173913,161
420.582621,525,228.950913,51
-40.108444,105,230.486914,11
208.113055,350,231.168915,30
-64.168158,90,231.686913,7
-16.909012,136,232.228913,7
1094.398141,1189,233.373914,147
58.350156,351,234.967913,24
-36.072048,110,235.502914,9
-39.910448,109,236.029913,12
-87.579307,65,236.529916,3
426.918386,507,237.294914,77
-6.157861,136,237.840917,14
92.261149,312,238.504914,29
304.416769,393,239.207913,69
327.476552,437,240.926914,44
349.971836,451,241.679914,50
-87.685052,68,242.189914,4
-448.813165,141,242.849913,0
-53.308908,96,243.368913,9
-66.529906,84,243.880913,4
-89.789102,61,244.382918,3
-72.088196,82,244.894913,8
-92.817108,56,245.390916,2
134.018508,256,246.002916,30
-261.990341,527,246.770914,14
139.952948,288,248.339914,20
241.045364,503,249.100913,39
211.529373,554,249.887914,44
-88.107103,68,250.394914,4
248.997098,341,251.058916,59
-82.262159,66,251.562914,3
-94.727162,53,252.063645,2
931.395126,1037,254.111644,88
29.276686,163,254.674644,18
-63.109569,111,255.203646,8
-212.861292,355,255.871644,15
-79.548503,75,256.592647,5
460.056841,540,257.368645,65
222.750995,542,259.158644,44
-115.326266,392,259.923646,17
65.778427,705,260.798644,50
22.63037,167,261.364645,17
539.696872,597,263.213645,95
699.657414,890,264.249645,128
11.422911,164,264.824646,8
185.973317,316,265.491648,33
102.690341,230,266.096644,30
260.852309,454,267.812644,61
765.407299,863,268.790644,102
998.779807,1007,270.840645,165
-68.066112,89,271.368649,9
143.203487,787,272.306644,76
220.412553,633,273.135644,53
472.309871,816,275.048645,67
-71.983669,98,275.574649,5
-59.403518,96,276.096644,8
604.365238,702,276.969645,70
-40.558099,112,277.500644,9
-95.975941,54,277.998646,2
466.024348,539,279.708644,88
498.738066,612,280.544646,56
78.238338,224,281.141645,20
-40.539986,99,281.665643,9
-18.200648,216,282.266644,13
831.225357,970,284.199643,108
165.237837,395,284.906644,32
75.655629,214,285.500644,16
91.458938,515,286.267644,23
7.93417,356,286.992644,32
-587.613899,867,288.899644,34
54.686471,198,289.483644,18
68.802988,372,290.229647,27
-13.316111,357,290.904644,13
-0.514413,217,291.497647,5
-261.142004,335,292.243644,10
58.933934,199,293.968645,19
-823.699141,522,294.765644,8
-215.561718,462,295.515644,20
-671.490973,425,296.231645,6
-175.130984,183,296.804645,4
350.281153,850,298.838646,34
247.705209,496,299.626643,39
38.10013,557,300.538644,32
-707.465396,1079,302.713644,53
317.750323,974,303.740647,51
74.370677,210,304.337644,15
293.988792,648,306.117645,46
-121.645317,731,307.054645,28
98.692176,462,307.804644,35
-353.654917,461,308.579647,15
-74.660862,83,309.097644,6
273.347097,368,310.713645,60
-64.729416,86,311.236644,6
61.826598,384,311.927644,29
391.518696,942,312.933645,75
291.82317,506,314.657646,38
-62.326545,75,315.202644,6
259.610095,413,315.930648,32
-88.693906,67,316.458644,4
158.021766,517,317.294646,56
74.422276,221,317.900649,22
232.715166,1003,320.138645,96
115.45132,237,320.793646,27
-80.186214,68,321.305644,4
256.976076,365,321.992644,44
85.241446,225,322.590644,22
361.105032,481,323.332644,47
1077.053117,1259,325.462644,92
88.339564,229,326.061644,33
196.652458,297,326.696644,50
188.933678,313,327.342645,44
-71.924491,82,327.856644,7
81.820051,196,329.371643,14
181.926901,289,330.025644,47
-60.800347,87,330.541644,8
36.646621,167,331.098644,17
172.688887,298,331.737644,24
96.230081,227,332.331644,31
-22.153507,125,332.867644,13
1144.019609,1072,334.878645,229
388.907387,457,335.608647,90
-991.455986,431,336.335644,4
174.78263,300,336.974644,43
-8.806459,131,337.509645,14
180.128055,305,338.150646,37
606.980166,684,339.970644,89
74.370577,211,340.555645,24
1260.381338,1609,342.951644,216
7.878929,162,343.517645,10
438.450118,519,344.281644,83
-157.154124,263,344.897644,16
366.726059,463,345.634644,70
264.725755,363,347.239644,47
-53.343339,94,347.767646,10
107.654642,265,348.387644,31
118.214145,691,349.250644,44
-41.507537,105,349.777644,10
234.364729,342,350.445644,39
-67.613712,87,350.969644,9
182.511145,821,352.871644,52
-297.711746,391,353.562644,17
-85.998513,68,354.067645,4
-28.224581,123,354.604645,12
137.040165,243,355.211645,36
95.318128,474,355.957644,24
169.923519,369,357.570644,45
-70.408208,82,358.097644,7
489.19321,568,358.896644,75
-87.264814,66,359.406644,4
-84.221023,406,360.148644,31
279.632667,391,360.843646,37
114.572631,320,361.523645,36
926.486735,933,363.498644,159
111.549702,226,364.098644,37
160.197157,288,364.737644,31
24.074577,176,365.310645,21
409.616838,480,366.055645,83
554.372725,623,367.855645,97
-85.216723,71,368.369645,5
-87.142227,67,368.871645,4
451.349365,537,369.642645,83
148.366876,270,370.269644,27
-47.497075,102,370.799644,11
3.450613,136,371.349644,17
-87.759534,74,371.861644,4
-89.169366,63,372.370644,3
50.740127,180,372.945645,23
-65.542319,77,374.380644,6
-83.728744,69,374.910645,5
520.52471,585,375.720644,99
-94.570512,322,376.377644,17
138.498024,275,376.997644,30
-195.058203,497,377.767644,30
-74.021054,319,379.380644,16
534.599306,634,380.230644,56
249.917357,366,380.909644,39
246.41445,364,381.587644,38
254.6375,652,383.461646,71
48.146389,228,384.073645,16
-43.693185,120,384.615644,9
210.84181,339,385.284644,37
-72.605774,72,385.788645,5
15.886975,161,386.347646,23
31.885705,165,386.904644,27
598.998667,659,387.749644,96
36.512108,184,388.321644,12
-83.028156,67,388.826644,3
155.999066,314,390.439644,28
-94.118863,53,390.936646,2
300.688927,533,391.707644,58
329.252798,418,392.411644,77
404.460694,486,393.158644,80
117.707841,257,393.772644,30
66.626817,360,395.457645,34
-92.302433,63,395.967644,2
-65.60431,401,396.719646,13
819.167793,848,397.678644,117
55.255458,219,398.268644,11
168.450779,290,399.820644,39
306.598896,379,400.516644,72
-56.872735,101,401.040644,8
870.167643,896,402.024644,134
504.936693,599,403.764645,60
636.720444,683,404.628644,106
-73.879863,212,405.214646,10
87.560486,215,405.808645,20
521.249454,638,406.839644,63
274.345465,529,408.578643,58
-65.627805,83,409.094644,5
390.989665,457,409.823645,63
2004.677286,1920,412.322644,245
55.641782,363,413.001644,34
147.914719,509,413.768644,28
693.794336,852,415.645644,79
558.410026,604,416.459644,96
-86.544095,68,416.964644,5
480.562523,707,417.835646,63
155.614744,294,418.466644,21
148.914042,255,420.012643,46
1716.132231,1650,421.431644,224
79.390201,434,423.133648,33
-91.396981,138,423.681644,3
-11.445018,135,424.224645,20
181.853442,288,424.854645,51
-87.239259,65,425.354644,3
36.259252,178,425.921644,17
20.231722,166,426.482645,13
-93.259502,57,426.980644,1
-87.873132,65,427.483644,4
-53.125209,109,428.015644,10
164.52258,524,428.788645,26
-89.958742,60,430.221643,2
-82.943781,66,430.733645,4
1.511212,138,431.277644,15
-74.081852,74,431.787645,4
576.588696,893,432.766646,106
20.231579,153,433.322644,21
-157.977673,164,433.882644,2
228.232245,449,434.609644,42
908.500485,912,436.543644,164
-87.911473,65,437.049644,4
-208.648739,368,437.728644,13
820.27248,844,439.605643,131
49.85359,190,440.188644,16
-93.503091,57,440.687644,2
539.120239,589,441.495646,104
-94.470177,57,441.991644,2
-91.941022,62,442.493644,4
662.905595,716,443.371644,122
836.850049,862,445.296644,135
-53.325279,96,445.818644,6
-93.220096,59,446.318644,2
387.080935,505,447.076644,85
-62.008564,88,447.593644,8
-53.16035,88,448.110644,7
-51.865422,98,448.635649,6
137.941345,242,449.241644,29
-66.295967,88,449.754645,5
-88.708935,63,450.252644,2
-87.875638,68,450.755644,3
227.957652,344,452.338643,36
-92.441458,57,452.845644,2
-38.468001,127,453.382644,13
-63.381945,193,453.959644,5
176.88286,341,454.629645,30
1067.407958,1059,455.708644,160
245.022991,338,457.325644,55
-93.618249,61,457.833644,3
245.995845,431,458.551644,44
-1042.916146,733,459.439644,30
-33.54969,114,459.976645,13
-79.344618,74,460.485645,4
79.857594,295,461.121644,31
233.981357,356,462.740646,31
-325.333823,427,463.454644,12
-52.625062,98,463.982644,8
-81.970064,69,464.487645,4
593.586176,653,465.330645,98
57.257995,364,466.005644,15
96.468953,226,467.497644,21
1076.614307,1108,468.613644,129
228.704726,331,469.268645,49
-89.23723,65,469.772644,3
52.32869,586,471.501643,68
649.867286,707,472.393645,112
-35.885498,101,472.917644,7
147.404759,280,473.544644,28
7.306156,137,474.090647,19
-75.219119,80,474.603644,5
741.436428,751,476.504645,156
-66.457454,78,477.022646,5
336.337471,408,477.725644,41
390.005236,512,478.484644,72
232.698173,325,479.133644,53
-86.962668,64,479.644644,3
-90.467388,68,480.159644,4
536.903808,591,481.961643,108
341.505137,402,482.668644,79
725.806848,809,483.603644,90
120.785727,259,484.216645,28
172.562688,290,484.849644,35
-74.397568,76,485.359645,3
-88.71785,61,485.862644,2
29.471838,170,487.458644,17
-67.380692,79,487.991645,5
183.285896,305,488.659643,42
-76.944143,74,489.174644,5
-94.438822,61,489.686646,2
-29.721112,118,490.240646,6
169.074158,327,490.921647,17
390.30868,509,491.689646,58
-82.435238,69,492.199647,4
-90.692709,60,492.715644,2
1081.172833,1048,494.982645,189
-91.129799,64,495.495647,3
-82.676606,73,496.004645,2
-84.276723,71,496.513644,4
-68.549015,95,497.035645,6
-4.938806,186,497.609645,9
539.371657,583,498.413644,102
4.151037,146,498.967644,16
165.280921,297,500.621644,28
137.360664,246,501.238644,41
-95.175467,58,501.738645,2
545.735788,649,502.592646,125
150.916735,273,503.225644,35
651.946546,736,505.293644,99
9.153816,146,505.898644,15
89.377786,219,506.507645,38
-78.311051,193,507.096644,14
345.596092,464,507.849644,68
947.692867,954,509.910643,161
457.701561,578,510.745644,77
972.72473,914,511.748645,196
226.483007,353,512.430646,47
1122.025903,1134,514.563645,147
-15.942965,137,515.120646,7
301.110452,407,515.830644,68
-80.474148,73,516.349648,4
310.624641,433,518.054646,48
-92.118302,60,518.582648,2
227.515755,343,519.278645,41
613.784832,625,520.126645,126
-20.945651,127,520.676644,9
-55.377592,113,521.243647,6
819.400713,838,523.294643,123
793.030349,838,524.275644,106
291.182446,347,524.963645,53
835.11881,899,527.106646,104
601.53684,676,527.992645,93
431.608817,529,528.779647,79
1945.01585,1836,531.353686,267
152.190074,836,532.313691,56
204.258254,334,534.091685,34
-87.046038,63,534.628685,3
-55.904692,85,535.195686,8
119.09893,235,535.84069,37
183.169997,280,536.485689,50
1098.512844,1072,537.600687,178
-72.039511,78,538.120685,3
-89.716803,64,539.616685,3
992.731344,982,540.681685,174
837.569961,863,541.682685,136
395.104499,483,543.575687,83
-91.378895,60,544.121686,2
-69.430465,72,544.658688,4
-84.511151,68,545.180685,5
196.931567,292,545.843687,51
-90.442926,65,546.363686,4
113.984656,230,547.006685,39
-91.510762,60,547.561688,2
801.396184,827,548.604687,134
-83.676106,69,550.295691,4
-669.823199,694,551.218199,11
554.793666,594,552.061203,115
-83.646037,67,552.579199,4
-92.610063,57,553.1042,2
-70.86605,81,553.632203,6
-48.931885,92,554.1682,9
744.604143,739,556.370199,159
-71.453374,79,556.901638,5
-83.417753,68,557.419638,3
-91.066034,59,557.924637,3
-87.033463,65,558.433639,4
-89.202852,61,558.941638,2
-97.992486,52,559.439637,2
-94.396126,57,559.945639,2
-90.227216,64,560.455638,4
-81.917581,66,560.969638,3
265.429359,339,561.641638,76
11.017514,230,562.25064,12
-52.951019,100,562.781637,8
-31.733119,114,563.330638,10
-87.327384,67,563.850641,3
-48.86114,97,564.384638,6
-60.188943,91,564.915641,5
-47.882303,82,565.441637,8
-73.955323,73,567.008214,4
-73.403546,79,567.549217,5
-75.302674,78,568.075213,5
228.879628,487,568.844215,38
233.870749,341,569.521218,44
-84.162998,66,570.038213,3
-83.053953,71,570.552213,3
-83.304356,69,571.073214,3
-227.879398,357,571.762218,8
3.075723,155,572.326214,5
-90.074344,61,572.829216,3
-79.006304,77,573.344214,5
-80.654751,65,573.850213,4
613.20894,644,575.658214,131
-82.900149,62,576.165214,3
-83.67374,69,576.672214,3
14.613675,152,577.225215,16
294.387047,392,577.919213,60
-90.661306,61,578.423216,2
667.840086,671,579.288213,152
157.005368,300,581.04313,37
-80.482489,69,581.566131,2
-80.65575,81,582.091132,6
275.571143,388,582.787131,42
1.179555,279,583.424131,17
64.13201,194,584.029132,23
518.53313,569,584.888134,97
-75.816971,68,585.407132,4
-33.188881,118,585.973131,9
37.206224,177,587.598132,22
-93.260999,106,588.169131,6
-58.479452,91,588.707133,6
-87.469763,62,589.212135,2
234.176048,335,589.879131,67
-16.332642,143,590.426131,11
-2.836922,194,591.004131,17
-16.673804,201,591.585131,15
-91.778506,67,592.092132,3
-84.882601,65,592.599131,3
-54.494046,97,593.123131,7
-92.781679,67,593.630131,2
524.335877,576,595.357131,114
-16.424193,130,595.916131,13
-80.772907,74,596.426131,4
924.601241,936,597.443131,140
301.142808,456,598.189133,51
-80.996197,69,598.702131,4
-87.134387,64,599.211133,2
367.736944,452,600.94513,57
342.649362,438,601.688131,69
1249.218647,1235,602.868132,173
325.351217,426,604.573132,56
-80.42002,73,605.089131,4
-86.367377,83,605.604131,4
531.316002,582,606.416133,109
573.307327,628,607.252131,88
1301.964947,1232,609.424131,214
-41.559359,115,609.966131,9
772.703146,768,610.900131,156
525.643589,633,612.724133,96
644.794823,698,613.605133,100
37.663538,164,614.168131,21
-89.4629,61,614.676137,3
990.995734,922,616.662133,232
288.494971,386,617.372131,58
83.820457,193,617.956131,32
123.743866,232,618.562132,44
56.881102,188,619.149133,23
2.229397,246,619.774131,18
415.128652,461,620.528132,100
772.801397,812,622.426131,118
93.495512,210,623.026131,33
-90.035688,62,623.534134,4
179.795781,301,624.187131,32
1031.781458,971,625.230132,213
-269.213627,203,626.89113,4
20.871458,156,627.477132,19
-98.908281,51,627.982131,2
927.700989,945,629.008132,132
-73.581567,76,629.528132,5
-77.539404,63,630.054131,4
-87.280198,68,630.566133,4
-62.73081,92,631.10113,9
-86.087093,66,631.634132,4
230.778195,341,633.601132,51
243.507574,348,634.327133,60
-76.809045,74,634.883132,4
-38.230302,113,635.425131,14
542.27665,584,636.261131,117
-66.766663,89,636.796133,10
-5.077076,135,637.352133,15
15.087849,153,637.911131,17
-32.559484,110,638.443131,10
-93.0786,68,638.954131,3
466.445819,541,640.696131,80
129.536744,248,641.333131,35
-43.584086,344,642.030132,17
86.347591,209,642.632133,29
-85.650641,66,643.170132,4
146.835096,268,643.821132,42
-89.736115,57,644.320131,2
369.190937,446,645.051132,75
-84.225313,66,645.566131,2
24.109418,154,646.126132,20
327.735381,434,647.888132,53
134.777676,250,648.512135,38
-87.9812,67,649.024131,5
-33.2258,115,649.561131,14
43.521657,187,650.143131,16
889.097888,853,651.10513,199
-70.88129,82,651.618132,8
93.221776,194,653.187131,25
-86.625144,63,653.706131,4
319.440331,394,654.404131,69
505.803167,538,655.189132,122
789.50631,769,656.123133,178
-26.310518,116,656.684135,11
-83.877815,68,658.259131,3
106.840927,223,658.885131,40
-75.858255,72,659.402131,6
-93.188307,56,659.906132,3
-47.952966,96,660.435131,8
-46.838193,97,660.981131,8
236.370534,339,661.65813,51
60.813492,194,662.263131,23
-40.856318,103,662.820132,10
-92.180391,67,663.346131,4
-96.680053,51,663.868132,2
-27.704252,115,664.435133,9
-93.406937,64,664.990132,3
-89.579742,61,665.513131,3
-8.972633,131,666.102132,12
-94.874217,58,666.652134,3
-96.960878,51,667.192132,2
-36.215399,111,667.760133,10
40.926308,164,669.362135,25
-29.27941,108,669.920133,11
-31.214701,112,670.483132,10
-96.519368,56,671.025133,2
43.488798,169,671.602133,24
-34.183187,110,672.164134,10
353.511368,443,672.906132,70
-26.971227,111,673.451131,12
489.431564,507,674.216131,131
-47.651887,96,674.746133,8
513.815279,550,676.561131,116
50.881895,177,677.146131,22
-92.170721,60,677.649131,2
-90.610075,59,678.149131,4
178.248898,292,678.802132,40
-6.144605,130,679.364135,13
-89.112483,60,679.892131,3
-2.853125,132,680.450132,15
-42.780509,98,681.002132,9
123.312267,238,681.625891,35
-94.211465,59,682.13889,3
6.849536,145,682.697891,15
-17.406775,125,683.24389,9
-97.88007,66,683.96289,2
-90.354515,58,684.47689,1
-49.060444,95,685.016891,8
184.921457,289,686.68248,48
32.77341,164,687.25748,22
-12.758236,128,687.800482,13
-90.987127,63,688.306479,4
154.321116,271,688.935478,39
-86.046091,60,689.441478,4
-97.073908,53,689.945482,2
-0.3616,134,690.49848,15
289.951219,375,691.195482,67
-85.759973,65,691.705478,5
133.652055,248,692.335479,39
-90.841523,60,692.856479,2
-90.708225,58,693.369483,2
121.800417,238,695.035481,38
-88.65615,61,695.562479,4
-87.83955,64,696.076479,4
325.907556,405,696.800479,75
-74.86827,75,697.319479,5
567.931269,618,698.15748,103
182.660006,297,698.810478,35
-242.25111,368,699.50248,8
-93.571025,56,701.068482,1
245.545063,340,701.756479,54
94.157895,211,702.35648,29
282.839848,360,703.043479,71
2.213498,137,703.599479,15
-91.686996,56,704.11355,2
124.626394,260,704.749551,19
29.287369,164,705.331552,18
54.75587,183,705.938552,24
-3.559784,132,706.505551,14
268.656197,337,708.26655,82
184.222298,292,708.932551,44
-25.273576,118,709.487555,13
84.149612,211,710.117553,27
-13.077802,125,710.698553,14
443.581389,493,711.467551,100
-30.201838,110,712.01955,11
-92.775516,60,712.52555,3
-87.907254,64,713.031551,3
-96.78608,51,713.530551,2
-94.176514,56,714.03755,1
-98.623859,53,714.53855,2
615.873811,613,716.35355,151
16.872164,151,716.92755,17
-93.45426,57,717.434552,3
-29.923029,113,717.980552,11
-90.507917,62,718.511551,4
-4.476596,131,719.074553,14
-43.935392,100,719.613551,9
-88.370213,58,720.126553,3
609.626293,634,720.969552,126
-73.479772,71,721.48855,5
-95.61112,52,721.993553,2
152.397196,266,723.682551,36
-43.575708,101,724.226551,9
79.059408,205,724.818605,25
39.824693,176,725.390605,21
253.45154,348,726.065605,61
91.071217,215,726.674607,33
-91.711327,59,727.188605,3
-85.135865,68,727.710607,4
-85.939704,71,728.227605,5
-77.312844,68,728.740605,4
-35.244975,112,729.273604,11
21.966647,155,729.833605,23
48.064241,176,730.405605,22
-94.843347,55,730.906605,2
-98.313607,69,731.415604,3
-88.851223,61,731.921604,4
-19.299514,116,733.455607,14
-19.922424,111,734.028607,13
-30.724697,111,734.572605,11
-96.781988,51,735.082605,2
28.559337,156,735.652605,22
348.91688,423,736.389605,79
374.260242,456,737.141006,70
-41.585227,102,737.674002,9
28.27466,159,738.240004,17
20.768197,151,738.800006,20
330.883823,401,740.482004,84
-28.815027,116,741.030003,11
848.68769,814,741.978004,185
-33.646338,105,742.520001,11
-93.497924,55,743.029002,1
25.281374,155,743.597002,18
-26.689255,112,744.138004,13
60.718131,187,744.722003,26
139.233517,252,745.344001,35
675.55242,673,747.209001,158
97.590014,228,747.823002,21
-97.667611,54,748.345003,2
297.057793,363,749.029003,80
68.219838,191,749.616002,31
-95.472626,53,750.124002,1
-22.673001,116,750.666434,11
7.776472,145,751.236434,19
-96.946451,51,751.742433,2
-95.112955,52,752.253433,2
-94.727368,55,752.773434,1
-46.823186,97,753.321435,8
-79.436735,62,753.838433,4
-51.361448,93,755.343432,7
149.525094,267,755.996433,34
-73.470632,70,756.512434,5
-1070.114955,517,757.299434,1
-47.033112,97,757.834433,8
-51.651834,93,758.364433,7
-45.061449,99,758.897434,9
-39.688068,104,759.433435,10
-35.590396,103,759.968433,11
-19.689258,119,760.511433,13
-50.239284,94,761.041433,7
-50.185708,94,761.570433,8
169.304773,270,762.203434,49
59.67089,191,763.757433,20
41.247452,170,764.345435,21
-492.949816,578,765.152433,8
-40.743677,104,765.687433,9
-92.969771,53,766.192433,2
42.275566,172,766.773433,21
-51.34736,93,767.308444,7
-35.201662,104,767.848443,11
-49.0901,95,768.399444,8
-34.99606,108,768.947445,10
23.583123,154,769.523448,19
-50.387526,94,770.055443,7
76.563111,202,770.653447,24
0.846479,135,772.265445,14
-92.797714,51,772.799445,2
-93.993687,52,773.309446,2
-96.662333,52,773.817445,1
143.664961,256,774.447445,37
-50.362179,94,774.981447,7
-94.185332,55,775.498445,2
-33.609686,106,776.041444,10
518.829919,557,776.846443,114
117.082735,236,777.461445,31
-31.644406,109,778.001446,11
1286.201879,1188,780.286446,313
-83.793,63,780.802444,4
531.428622,573,781.630444,112
176.451502,283,782.278444,45
-94.769767,53,782.790443,2
-39.320243,100,783.330445,10
252.58458,331,784.995443,71
58.641895,184,785.582443,22
-49.578338,94,786.113444,8
-94.739371,53,786.623444,2
-92.460836,56,787.132444,1
-94.684146,55,787.643444,1
19.989142,151,788.208449,19
-91.734291,52,788.718444,2
-39.714834,105,789.261444,9
-43.689705,96,789.804446,8
49.133138,174,790.391444,23
193.47667,292,791.050446,55
-36.273975,103,791.577445,10
-97.323041,50,792.079447,2
-49.108877,95,792.600446,8
-95.48877,53,793.109444,1
193.416792,293,794.845998,48
-96.482864,52,795.378999,1
-93.762219,56,795.889998,2
-93.719629,54,796.388999,2
-98.993824,51,796.895999,2
22.214401,157,797.467999,17
-90.048662,60,797.998,3
-92.845798,56,798.507998,3
-35.345054,109,799.068999,9
-33.729398,105,799.877998,11
-31.765621,109,800.436999,11
-49.203587,95,801.018,7
31.292005,161,801.646997,18
53.538555,182,802.281002,21
-94.450631,54,802.797998,1
-32.001629,106,803.338,10
303.80529,372,804.028998,76
-42.001749,102,804.566,10
-93.836376,56,805.078999,2
64.06397,187,806.941998,26
-40.690406,104,807.526998,9
72.20811,203,808.146999,25
106.568446,232,808.783998,24
-97.230258,60,809.296999,2
80.953044,207,809.900998,24
-40.622851,104,810.433002,9
-93.547086,55,810.942998,1
-95.476072,53,811.447999,1
-27.825928,111,811.996998,11
58.440955,190,812.584,22
-95.092869,55,813.084999,1
-95.714984,52,813.590006,2
-36.289691,106,814.130999,10
-90.388006,57,814.633999,2
204.543602,312,815.300998,42
-96.516572,52,816.858,1
-91.00059,58,817.384001,3
17.219373,150,817.938998,19
-96.508019,52,818.436001,1
-24.575913,112,818.973998,11
-97.499277,51,819.475,1
80.337099,208,820.071999,26
-70.306801,107,820.600998,5
109.188423,223,821.207002,35
45.005743,174,821.778,22
-50.72342,94,822.306998,7
111.079609,232,822.925002,29
87.415795,204,823.536,33
97.495118,220,824.156998,27
-31.125658,111,824.722998,10
308.363165,399,826.494,60
127.606193,275,827.158999,31
-98.771303,55,827.669,2
732.435966,731,828.593001,151
64.972299,193,829.196999,28
42.044892,167,829.793998,23
-48.959775,95,830.331003,8
-93.619465,56,830.856999,1
-95.723011,52,831.363999,2
-83.000287,59,831.878998,3
-74.132731,75,833.398575,2
88.03829,212,834.021154,34
80.45711,202,834.620153,28
40.053199,170,835.191156,20
-47.040944,97,835.718156,8
128.931855,236,836.330154,44
78.19608,197,836.913155,34
-31.864368,111,837.443153,11
-28.028482,113,837.987153,11
-44.444803,100,838.512156,9
-84.089746,73,839.019153,4
-93.04353,64,839.522153,3
-98.647035,55,840.020154,2
-64.796617,75,840.531154,7
-33.880716,110,841.064153,11
124.513855,238,842.646153,36
-96.664645,58,843.182155,3
-41.993677,102,843.742155,10
65.506721,192,844.326154,27
-95.541856,53,844.836155,1
-98.613581,57,845.359153,2
-28.63241,109,845.923154,12
-94.801986,55,846.423154,2
-27.679952,115,846.964154,11
-100.146372,52,847.469154,2
129.329553,248,848.084154,35
140.647838,254,848.705154,38
-73.354408,92,849.227153,6
289.599769,374,849.925154,69
-85.612615,63,850.436154,4
-33.787866,109,850.981153,11
-93.857987,54,852.464155,2
248.599502,348,853.179154,50
-85.814497,68,853.694153,3
-42.682869,101,854.233155,10
119.383204,241,854.857155,31
-96.757881,50,855.362154,2
-87.916135,65,855.873154,4
-39.852061,100,856.409155,10
106.542644,231,857.040155,27
33.653033,168,857.628156,17
41.13387,168,858.204155,23
130.681159,249,858.834154,36
-97.107969,49,859.343155,2
-40.406491,100,859.883155,9
-30.427528,112,861.429156,9
-97.577758,58,861.961157,2
-51.32816,93,862.493155,7
-43.658787,101,863.033154,9
-18.269455,123,863.584155,12
-48.96039,95,864.122154,8
-26.765786,116,864.670155,11
-91.62463,58,865.187154,1
-94.4555,54,865.713154,1
-49.12382,95,866.252156,8
42.078168,168,866.822158,22
19.236952,156,867.389153,15
96.808253,214,867.988153,30
185.378197,297,868.651154,38
-50.212503,94,869.198155,8
-100.339877,64,869.713156,2
-30.096568,115,870.259154,13
396.534727,462,872.040155,84
-13.77696,124,872.594457,13
1.494499,136,873.148456,15
73.813423,200,873.741454,31
95.378527,220,874.348454,27
-94.435714,54,874.867457,3
533.560728,554,875.695456,129
265.54498,357,876.397455,61
-94.297307,56,876.921455,1
-39.097714,106,878.533457,11
-25.039224,117,879.104454,11
171.977462,276,879.778458,52
-29.9612,115,880.334455,13
33.304409,164,880.928454,19
-39.753934,104,881.467455,10
115.367444,242,882.093454,23
-29.729651,109,882.639456,11
-92.853611,62,883.150454,3
-35.495142,108,883.690455,10
334.778227,405,884.394457,82
-45.796925,98,884.929454,8
54.226173,179,886.564453,24
-37.722037,106,887.143459,10
-6.909474,133,887.721455,13
-79.349671,81,888.249454,6
420.38189,481,889.003456,97
5.81873,142,889.564457,16
240.822549,339,890.252457,52
-82.857921,61,890.779457,4
245.966757,344,891.465454,56
115.614109,241,892.109455,24
-97.377768,50,892.623457,2
-94.122675,56,894.267454,2
-17.787467,125,894.843454,15
71.239623,199,895.439455,28
-54.698236,95,895.990454,12
-89.584968,63,896.512456,3
321.817765,424,897.250454,56
211.341707,313,897.924456,52
-67.849726,83,898.451455,6
5.552262,153,899.011457,15
212.106949,311,899.673454,55
-86.441449,64,900.183453,5
-95.378163,58,900.694454,2
-82.884767,73,901.210458,4
53.791874,182,902.842456,26
362.635724,450,903.623178,73
341.597785,407,904.361177,87
-87.498254,60,904.897178,2
-53.883785,93,905.449181,7
-91.904544,65,905.980177,3
91.155022,215,906.591178,34
-72.925433,76,907.117177,4
-82.240666,68,907.633177,5
278.403295,366,908.341177,65
7.795768,145,909.902188,15
-73.307894,71,910.429178,5
35.824236,177,911.012177,11
255.049515,344,911.698177,73
611.45469,635,912.554178,129
-95.172361,58,913.300178,3
-91.578678,66,913.809178,2
-46.765923,93,914.333177,11
94.416175,218,914.931177,30
-96.282506,65,915.448178,2
676.8982,659,917.344178,168
-49.807983,87,917.866177,10
75.989321,292,918.591178,31
310.025955,393,919.297177,71
300.316769,429,920.034178,35
145.785356,267,920.666182,33
5.711611,145,921.227178,12
545.889036,569,923.047177,100
78.892238,201,923.644178,24
190.21107,305,924.303179,39
-34.780119,104,924.837181,12
516.878031,583,925.664178,102
-16.138697,130,926.225177,11
-11.602914,132,926.800178,12
264.288747,389,928.616179,45
47.780414,191,929.21618,22
568.656953,623,930.065178,110
818.741977,823,931.041177,151
648.233321,705,932.910181,104
-14.972817,127,933.453178,16
202.833808,472,934.209178,72
-80.173232,67,934.738176,4
618.823431,650,935.616178,137
313.467839,387,937.370179,73
193.415102,302,938.026179,57
329.898995,445,938.757177,57
29.82006,167,939.324177,18
-86.43773,69,939.834177,4
-82.95777,68,940.340176,4
-77.510934,77,940.857177,7
-80.498504,70,941.367177,4
168.067769,295,942.011181,30
75.752394,215,942.617178,23
305.704545,391,944.34018,78
-6.068927,134,944.900179,10
111.212515,243,945.516862,39
433.342955,527,946.298862,62
-17.906474,149,946.863863,14
174.184984,359,947.549862,36
-39.91009,111,948.084862,10
-82.300829,67,948.600866,4
376.41515,454,950.433863,82
-65.185588,228,951.064399,12
62.692768,203,951.6694,13
36.734282,179,952.254404,11
-55.036524,81,952.788402,7
-66.015377,78,953.321401,7
290.711242,403,954.0504,50
-95.354065,60,954.553402,2
33.221546,169,955.130401,19
159.113593,289,955.779402,27
-86.92457,66,956.2934,5
246.221396,346,958.0014,68
169.171914,287,958.647401,50
245.343149,325,959.331821,71
98.529421,217,959.939824,41
-68.593326,87,960.476823,8
334.071383,410,961.19482,67
209.053626,407,962.911768,33
-444.589313,304,963.585772,8
19.436169,428,964.338769,41
213.039958,328,965.00377,51
55.449381,206,965.592769,10
232.559297,348,966.277771,43
-204.605978,449,968.000773,28
-9.351685,150,968.587772,8
-76.046505,77,969.110769,6
177.571505,254,969.732771,61
250.882914,356,970.41777,68
314.8217,432,971.163769,43
163.473547,279,971.807769,38
126.157585,286,972.456772,20
173.451188,312,974.113768,44
430.761269,533,974.91477,56
162.495211,273,975.551769,45
155.766159,291,976.201769,32
33.851563,472,976.958769,37
215.556627,321,977.625769,35
138.868852,279,979.295771,19
-31.490259,113,979.853771,11
97.826399,187,980.438769,25
97.882425,219,981.046771,33
206.374088,438,981.77868,47
-60.042861,96,982.310686,3
57.949295,163,982.879684,20
352.946859,511,983.660681,56
484.007394,539,985.526681,115
35.959641,189,986.126424,16
4.571039,231,986.803425,32
65.456508,193,987.390423,30
702.732068,845,988.362423,120
-84.043163,68,988.876425,5
99.130737,218,990.448425,35
-988.272785,579,991.286423,10
226.910329,682,992.160425,60
257.647898,361,992.852426,59
189.926112,319,994.602426,40
612.374482,633,995.485426,136
226.794406,318,996.154423,62
27.596049,173,996.738425,18
-13.851468,357,997.424425,20
1005.08432,1564,999.838426,147
430.609795,513,1000.616426,73
93.09553,216,1001.213426,30
93.910094,394,1002.941424,30
282.060419,485,1003.705426,80
42.769331,162,1004.271427,11
-61.873921,103,1004.803425,3
233.019907,326,1005.483425,61
746.000431,783,1006.421425,118
-6.763194,108,1007.913425,9
-22.548566,117,1008.464425,14
949.483878,999,1009.614424,174
559.461404,593,1010.431424,126
722.476075,762,1012.365423,126
85.970331,301,1013.107428,37
40.502566,192,1013.695425,18
861.415746,858,1014.673426,162
86.392828,221,1015.288425,23
-146.186571,306,1017.048424,13
-1553.32416,487,1018.543425,5
37.352221,194,1019.136424,6
279.889377,407,1019.849425,42
-183.444401,810,1021.790423,19
135.313642,498,1022.564423,17
-1017.78428,640,1023.565424,13
53.624876,161,1024.129424,9
-118.776053,714,1026.325424,75
35.334594,219,1026.944424,6
-1129.856175,421,1028.284626,5
-36.488036,295,1028.938626,10
-323.682868,179,1029.662625,0
-2.14601,452,1030.406626,19
-224.667383,286,1031.059625,7
-21.605243,111,1032.583623,2
20.264028,167,1033.172626,15
-157.023118,143,1033.726624,1
-153.617747,159,1034.290624,1
18.853753,199,1034.877625,11
-202.468965,399,1036.040626,19
145.421107,391,1036.744627,35
-685.163939,486,1037.966625,1
94.956663,222,1039.573627,35
91.657425,215,1040.187625,29
34.915471,179,1040.787627,19
-88.263512,142,1041.402626,8
42.004395,381,1042.110626,33
305.026213,427,1042.843624,41
3.610077,127,1043.394624,14
51.210814,317,1044.052624,9
153.95677,372,1045.741625,20
196.320581,393,1046.499625,29
-180.212809,254,1047.122625,7
135.380838,284,1047.766624,22
203.324836,398,1048.558625,34
284.027517,640,1050.532625,78
159.652407,314,1051.196628,32
574.12955,836,1052.226624,56
184.92304,373,1052.916625,40
68.845796,360,1054.712623,24
725.447474,790,1055.695624,93
76.120983,197,1056.286627,21
87.840973,218,1056.882624,24
1376.452644,1327,1059.194624,213
548.822588,610,1060.042627,108
-18.634538,124,1060.601625,14
131.760689,261,1061.256628,28
632.238459,645,1063.116625,141
4.283731,148,1063.932625,16
-54.917383,87,1064.458625,9
52.457347,176,1065.042624,25
-9.529006,130,1065.595627,18
285.730177,375,1066.298625,64
305.474734,399,1067.005625,71
209.206508,321,1067.669624,44
-66.861178,89,1068.197624,7
-69.247716,76,1068.718624,6
116.217681,236,1070.311625,39
-35.008526,108,1070.875626,11
344.041178,409,1071.588625,103
-44.806938,110,1072.126627,9
136.851099,254,1072.750627,40
-70.762036,84,1073.275625,5
688.953038,738,1074.185625,117
67.427788,199,1074.777627,31
-47.319532,109,1076.375626,9
-39.325182,105,1076.940629,9
-77.501872,74,1077.457625,6
-94.690036,58,1077.958625,2
270.221899,343,1078.635625,78
159.092544,272,1079.283627,46
-84.246583,65,1079.812627,4
-82.138769,66,1080.325626,5
168.500372,244,1080.950625,31
155.28706,269,1081.576625,49
-65.178355,84,1082.094625,9
78.115753,217,1082.697624,26
-76.674887,76,1083.211624,5
-68.841677,79,1083.729624,4
-89.547044,60,1084.232625,4
84.369668,229,1085.858624,18
1006.910566,965,1086.901627,195
66.324583,215,1087.499628,21
-94.319298,57,1088.004625,2
243.696292,344,1088.687625,69
217.456175,350,1090.338624,35
-67.121615,84,1090.875628,8
262.851495,335,1091.550625,64
823.649993,810,1092.505624,171
65.360558,201,1093.097625,18
341.02694,394,1093.810627,96
418.452903,478,1095.568625,96
143.19271,258,1096.204625,39
-32.664448,110,1096.751624,11
269.200184,356,1097.437624,62
-94.443968,56,1097.943625,3
-28.996149,241,1098.556624,17
107.125831,230,1099.160624,31
10.221608,148,1099.714625,15
-55.925996,97,1100.242628,11
-64.560763,80,1100.756625,7
-88.728428,65,1101.263628,4
-29.554245,113,1102.761623,11
-83.960744,65,1103.285624,4
92.857019,214,1103.881627,33
164.279086,265,1104.506626,49
-57.767713,91,1105.033625,11
-89.817454,62,1105.540625,4
-85.717115,71,1106.056626,5
48.826059,180,1106.636625,28
-84.042795,67,1107.149628,2
217.883132,322,1107.831625,65
-92.889914,61,1108.339627,3
-71.838226,85,1108.866624,10
-69.852221,83,1109.392626,8
132.343057,264,1110.021625,34
-62.369825,76,1110.540626,6
-49.376146,93,1112.011624,10
-75.648366,70,1112.548625,6
20.991609,153,1113.113625,17
137.849417,240,1113.732625,50
-31.459527,108,1114.272625,14
-25.110428,115,1114.821627,12
-88.391556,66,1115.338626,5
108.046004,232,1115.953627,28
-52.746614,93,1116.486625,10
-25.09677,118,1117.035625,14
-79.122768,71,1117.556625,6
-196.71675,885,1119.543625,101
-74.602987,80,1120.086626,7
378.66956,425,1120.815625,104
670.913101,707,1121.721221,120
277.088434,382,1122.423223,56
227.704273,337,1124.16522,43
230.478392,349,1124.867223,45
200.81676,299,1125.518221,54
786.850248,763,1126.447222,171
573.25608,744,1128.399222,77
82.580797,272,1129.049221,20
368.607321,470,1129.800222,61
-39.938592,108,1130.337222,12
530.943583,593,1131.161221,104
438.748256,499,1132.929965,101
179.388667,281,1133.585964,53
100.660412,222,1134.187965,40
-50.236097,95,1134.712964,6
-72.114209,70,1135.221967,6
336.628054,403,1135.928965,86
851.256253,958,1136.964964,164
-34.743484,105,1138.472964,10
73.6051,207,1139.081964,32
143.14737,250,1139.705964,41
582.037069,623,1140.545677,120
234.815699,328,1141.216677,58
128.265288,240,1141.835677,35
-63.895218,81,1142.362677,8
3.244544,114,1142.905677,14
499.43015,604,1144.732677,81
223.617546,314,1145.394683,68
85.737698,374,1146.093677,33
506.138489,1065,1148.148676,83
901.667132,859,1149.142677,189
108.311544,242,1149.758677,34
179.236714,302,1150.41068,37
192.317805,286,1151.043677,67
162.200529,320,1152.603678,21
35.050935,162,1153.188763,25
114.147404,231,1153.799763,37
406.374312,470,1154.550762,89
-74.386011,76,1155.070762,3
341.55847,527,1155.858762,109
-70.274014,81,1156.411762,6
-0.509344,229,1157.041766,10
323.30692,419,1158.754761,77
-66.824262,85,1159.282762,8
529.633998,556,1160.087764,125
351.323172,434,1160.823762,79
-70.529638,80,1161.338764,7
-10.25531,121,1161.881766,14
645.915813,673,1163.812779,126
-35.235384,108,1164.354777,11
-41.842003,102,1164.888779,11
-83.946021,63,1165.393776,4
-92.893873,57,1165.900776,2
-92.786686,58,1166.408778,3
-85.225997,74,1166.925776,4
-35.7902,105,1167.467777,13
-83.71013,65,1167.979777,3
30.307876,164,1168.548776,18
57.770986,184,1169.134778,24
-86.150767,62,1169.64578,4
-47.161867,220,1170.249779,11
-13.907455,128,1170.798777,16
468.23004,523,1172.587775,105
-3.379886,134,1173.165779,16
356.896826,430,1173.900777,96
43.711501,192,1174.490776,11
-30.280836,109,1175.029777,12
-8.907507,138,1175.591776,22
-16.227652,129,1176.141777,16
-71.441599,90,1176.669776,4
-63.762221,89,1177.192777,9
39.310924,173,1177.767777,31
354.667812,485,1178.530778,68
83.346518,203,1180.143776,36
-1238.723447,524,1180.931778,7
131.112643,433,1181.664778,35
-75.351634,74,1182.176776,4
187.053584,305,1182.826779,36
-59.946925,83,1183.344776,9
-26.119418,114,1183.884776,12
-80.269331,76,1184.400777,7
38.928583,172,1184.974777,16
-52.376448,99,1186.485777,10
-39.071848,101,1187.030776,10
-87.151692,65,1187.542777,4
22.028222,153,1188.105777,19
-65.47604,77,1188.632781,8
-94.314842,60,1189.149777,3
-64.009813,84,1189.674777,8
-35.968302,103,1190.206778,11
-87.374141,62,1190.951781,4
15.030111,154,1191.521776,22
96.980236,225,1192.127776,32
-87.978282,62,1192.631776,4
755.823477,734,1193.532778,172
-2.3593,145,1195.062778,14
-69.322784,76,1195.591776,6
-1.930176,144,1196.146777,16
-17.906949,124,1196.690776,15
-82.271626,68,1197.199779,3
587.904949,603,1198.021779,141
-78.160797,72,1198.534777,6
868.496332,855,1199.510776,165
361.986554,426,1201.209777,100
-0.967645,130,1201.761776,17
618.08755,644,1202.612776,127
17.650793,145,1203.166778,22
-44.525188,104,1203.701777,13
-33.132522,109,1204.239776,13
97.591683,240,1204.849776,33
72.917376,204,1205.444779,26
-96.35964,57,1205.949776,2
639.842085,748,1207.854776,134
-64.261909,84,1208.372776,9
-82.175718,70,1208.886777,4
7.236241,142,1209.439776,23
405.492646,460,1210.184776,101
-50.639654,99,1210.711777,12
286.33075,365,1211.398776,67
-70.662814,79,1211.915777,8
-32.440773,120,1213.436775,11
14.175608,147,1214.004776,21
-60.799696,90,1214.527776,11
570.943397,604,1215.356776,120
264.923602,361,1216.050776,57
157.345267,272,1216.703776,39
253.179299,346,1217.381776,63
445.430733,517,1219.171776,90
32.567524,170,1219.746776,29
-65.733053,84,1220.266776,8
105.252645,210,1220.862779,29
-23.020186,145,1221.416776,13
-60.818344,100,1221.945777,7
88.564618,226,1222.551777,23
-6.165012,134,1223.109776,16
51.373909,192,1223.704776,20
227.250512,324,1224.368779,67
-80.182261,72,1224.889778,6
253.235342,369,1226.582776,42
-20.272529,125,1227.150776,13
59.369945,183,1227.738776,30
207.429715,316,1228.400776,50
-72.543037,79,1228.922776,7
-64.001127,84,1229.443776,9
233.010616,329,1230.113778,64
8.83628,142,1230.674779,19
-61.381927,82,1231.212776,6
-70.547272,84,1231.739776,7
431.066282,497,1233.519776,94
600.89405,609,1234.357776,129
-69.271156,80,1234.88278,8
-56.169704,92,1235.415776,8
1691.916958,1688,1238.246776,291
952.110675,950,1239.288656,173
486.59474,653,1241.275654,126
920.825891,955,1242.325655,124
608.308856,660,1243.183654,117
144.003935,254,1243.800655,50
140.486836,278,1245.400654,30
-33.002718,113,1245.940654,10
288.938342,389,1246.646655,58
187.317134,305,1247.303653,42
1.922161,140,1247.862658,18
709.053447,757,1248.779658,108
470.307493,772,1250.722658,77
437.079539,514,1251.496654,90
752.231161,803,1252.444654,134
43.710541,153,1254.092654,16
-13.963489,147,1254.699656,5
-58.579797,717,1255.638655,39
40.686014,201,1256.256813,10
100.027067,257,1256.912814,18
-1843.954035,509,1258.189817,4
-328.276772,607,1259.991813,48
209.264078,508,1260.770816,48
-828.666841,522,1261.744817,25
321.427772,453,1262.489813,25
309.646984,578,1264.298813,55
304.680715,416,1265.020815,58
-15.378273,131,1265.569815,13
375.864663,479,1266.326813,62
-31.546087,109,1266.863814,11
472.919563,770,1268.793814,64
12.8191,163,1269.361814,10
711.474024,859,1270.344814,128
626.223471,671,1271.227813,108
197.003459,345,1272.939815,29
661.877024,696,1273.833813,127
660.177049,880,1274.830813,95
411.105478,585,1276.628814,74
-40.959255,94,1277.159813,8
294.209528,384,1277.863683,62
59.500079,192,1278.453682,25
22.64515,176,1279.033683,14
270.586064,328,1279.704682,54
398.039893,444,1281.474681,106
-15.702098,126,1282.043681,13
-86.433649,68,1282.557681,3
40.280699,168,1283.130681,25
-83.847226,70,1283.652682,6
408.100445,469,1284.403681,93
250.965632,342,1285.080682,57
68.991804,189,1285.684681,33
-90.273254,64,1286.217683,4
79.238492,202,1286.817682,40
115.631985,247,1287.43868,30
82.519175,360,1289.15068,28
-135.345151,811,1290.123682,92
348.541469,434,1290.866682,64
7.3952,148,1291.431681,15
-54.487589,95,1291.960682,10
373.669995,449,1293.716683,83
-74.47307,80,1294.250683,7
-35.518193,114,1294.793682,9
58.323338,187,1295.384682,17
-3.553014,155,1295.957681,13
80.309904,205,1296.552682,27
161.062863,273,1297.189681,38
-89.159205,63,1297.697681,4
-220.607614,377,1298.396681,15
-78.285227,79,1298.920681,6
318.669445,406,1300.62468,74
176.369798,958,1301.682682,95
126.19805,262,1302.309683,41
323.203988,421,1303.032683,68
-62.722464,80,1303.547683,7
784.2752,923,1305.622682,83
98.076034,240,1306.251683,22
101.082955,231,1306.863682,32
469.785961,609,1307.707681,105
487.041006,549,1309.545684,109
89.437832,227,1310.165681,26
-2.352883,152,1310.724684,13
473.123035,781,1311.665681,91
613.971721,722,1313.555681,93
360.930851,453,1314.320681,60
59.571181,174,1314.891681,19
415.129691,503,1315.672681,76
442.174282,609,1316.514681,39
-3.885923,256,1318.162681,18
18.522341,324,1318.880682,17
192.498735,277,1319.519682,61
522.932814,555,1320.330682,125
0.278433,126,1320.887682,13
139.70003,386,1321.767681,31
204.398332,299,1322.417682,53
162.344197,270,1324.128685,44
202.242863,323,1324.838682,39
-9.76319,709,1325.897683,73
-7.085708,142,1326.466681,16
-3.902217,227,1327.115683,12
-82.54843,71,1327.638682,3
-36.119915,132,1328.196684,11
264.313232,434,1329.88968,46
314.23668,395,1330.611682,81
38.206672,150,1331.17868,21
-5.267049,122,1331.723681,15
73.585952,193,1332.312681,16
288.545627,592,1333.152681,42
-170.389201,77,1333.778684,0
134.27019,262,1334.412681,34
55.981683,193,1336.04068,28
259.83782,732,1337.049209,46
44.446737,197,1337.864203,17
714.648468,903,1338.868202,92
-10.821216,308,1340.463204,15
116.126956,303,1341.136202,25
134.965768,263,1341.764203,21
290.90657,408,1342.478203,54
64.241339,197,1343.065204,24
64.095207,497,1344.144203,35
220.061903,387,1345.813698,25
375.357684,462,1346.575694,71
252.53018,385,1347.279867,35
76.985968,202,1347.871866,23
252.352919,346,1348.551874,49
157.356635,1175,1350.671444,84
19.402298,148,1351.234443,16
4.105774,158,1351.797445,10
96.991285,226,1352.399444,25
742.197628,1021,1354.417446,119
268.982889,370,1355.112445,49
150.598345,372,1355.820445,32
73.787624,213,1356.418444,24
41.10516,174,1356.992444,21
598.628481,660,1358.79696,97
203.552546,267,1359.458962,55
165.93877,288,1360.108962,43
83.409623,177,1360.686962,24
291.669687,413,1361.404962,34
502.315473,565,1362.215961,94
273.427402,353,1363.809962,82
154.894549,289,1364.462961,36
73.833664,373,1365.464126,21
-12.688106,272,1366.103898,16
562.054403,635,1366.959896,132
146.543374,269,1367.594898,24
303.643761,904,1369.950123,70
192.343516,298,1370.606124,34
221.05266,333,1371.278123,36
287.616143,400,1371.986124,71
23.161791,177,1372.567125,11
200.357639,450,1374.311123,32
-310.348406,703,1375.207124,26
165.434895,318,1375.868123,39
-4.484509,659,1376.731124,31
353.146456,707,1378.627124,80
-68.827964,79,1379.148124,4
113.479826,260,1379.779124,21
62.133188,197,1380.370123,25
-48.629385,101,1380.909124,12
218.741815,371,1381.607124,36
175.119961,303,1382.260124,16
472.54806,571,1384.070123,77
174.44373,300,1384.715123,42
140.329067,260,1385.336124,32
289.154735,386,1386.067123,61
294.196087,409,1386.786124,66
120.25398,248,1388.441123,28
312.390546,414,1389.195125,58
-65.849868,78,1389.718126,7
104.468551,218,1390.327124,37
5.18452,152,1390.898123,17
55.954612,185,1391.485124,26
371.221117,544,1392.283126,40
308.520792,397,1392.997124,65
230.14011,371,1394.671124,58
596.380644,642,1395.528123,112
473.142287,580,1396.348123,58
642.217931,686,1398.163124,122
119.395157,258,1398.795126,31
-57.616276,93,1399.321124,11
-43.136347,105,1399.854124,13
-14.147212,134,1400.403126,15
442.105498,532,1401.203125,78
-59.06698,335,1401.878124,17
359.423712,448,1403.551124,73
-387.434406,297,1404.505124,9
173.887867,282,1405.142124,58
-59.233433,96,1405.671124,11
57.63799,207,1406.263124,26
650.689044,671,1407.132123,134
-62.263921,87,1407.663128,9
13.289703,143,1408.224123,15
-0.87898,147,1408.784123,13
50.115695,183,1410.360123,21
-56.379382,105,1410.909124,7
164.929611,262,1411.534124,50
1.989999,226,1412.216123,18
-49.561281,207,1412.975123,19
12.98717,164,1413.553124,18
257.560797,371,1414.253125,31
397.961885,468,1415.011124,101
124.949546,251,1416.612124,34
-67.576383,223,1417.476123,8
-28.262926,134,1418.031124,6
218.916152,527,1418.818124,28
-80.173622,375,1419.637123,23
66.040221,207,1420.233124,7
-119.714139,112,1420.828124,3
361.602767,501,1422.562122,43
739.800392,896,1423.569124,82
24.323091,233,1424.177125,8
97.889845,226,1424.792124,39
60.477395,207,1425.382123,11
160.580899,455,1427.276124,24
239.850614,409,1428.021123,40
98.41364,225,1428.626123,39
52.126558,198,1429.223123,21
125.321768,379,1429.931125,23
407.370609,527,1430.721124,56
199.218264,317,1432.365125,46
91.669748,244,1433.012124,24
0.069001,258,1433.640499,17
126.504045,259,1434.271499,20
401.24256,503,1435.055499,61
-53.044355,152,1435.640499,12
45.267317,211,1436.2395,10
287.95128,351,1438.007501,54
262.840228,350,1438.726501,69
-17.672201,123,1439.3015,15
-95.519034,100,1439.859499,3
5.028777,157,1440.431504,11
280.250348,389,1441.153499,59
216.648569,312,1441.814508,62
229.983429,325,1442.479509,66
-66.48541,80,1443.002508,7
-46.307162,110,1443.539508,12
53.833542,199,1445.247508,19
502.845781,627,1446.118509,55
231.134385,341,1446.795511,56
68.206162,204,1447.385509,26
38.338808,400,1448.096508,36
-66.624635,109,1448.633509,4
21.093579,195,1450.209508,16
127.3092,265,1450.870508,25
246.200201,363,1451.558508,32
70.729347,202,1452.150508,22
8.279518,162,1452.715508,12
42.833638,194,1453.296509,22
96.047306,305,1453.96651,22
-36.098712,130,1454.51851,4
24.047667,190,1455.109509,14
755.735844,875,1457.112508,143
-19.098055,223,1457.871508,19
-111.482819,206,1458.46851,8
-51.321224,354,1459.329508,23
572.270083,1411,1461.806705,108
-36.588091,154,1462.376724,12
465.185292,574,1463.199822,53
15.766816,309,1463.866822,20
29.41884,166,1464.437822,21
85.992874,210,1466.061823,28
26.804146,168,1466.656822,22
125.36304,221,1467.266823,34
420.440725,507,1468.051822,75
-16.532317,249,1468.677822,21
-52.176297,101,1469.206822,9
93.112319,209,1469.804822,30
195.996195,326,1470.473823,35
7.168927,159,1472.006821,8
120.912996,253,1472.663826,25
452.56765,522,1473.453937,89
-11.834095,126,1474.009934,13
87.434746,225,1474.620934,22
-24.913183,121,1475.172935,15
-57.750499,90,1475.697935,5
-78.988659,75,1476.216935,6
-45.576194,116,1476.756936,9
117.154415,271,1477.401934,17
24.207572,163,1477.990935,20
997.989219,1480,1480.384158,137
45.539446,287,1481.043157,21
366.541138,494,1482.81516,55
-777.202465,537,1483.647157,9
87.346944,240,1484.269161,20
225.534276,598,1485.468158,73
-27.218569,127,1486.020158,4
18.245789,597,1488.129159,59
296.470289,501,1488.917158,60
150.713415,254,1489.538158,40
231.16983,351,1490.222157,42
-175.582875,301,1490.874159,10
228.772638,476,1492.600157,67
358.018079,451,1493.364158,64
-37.442855,111,1493.908158,9
222.423037,324,1494.574157,61
336.587108,449,1495.313157,46
-19.200088,120,1495.857157,14
324.583403,451,1496.596157,41
376.751062,436,1498.315158,101
-45.208189,118,1498.856157,7
260.749288,382,1499.556158,45
105.314693,237,1500.16416,27
148.133386,434,1500.889157,32
397.02366,473,1501.647158,73
601.340322,631,1503.435159,135
1135.013257,1084,1504.571157,220
8.762228,141,1505.125158,22
1297.103657,1247,1507.43116,215
-3395.508616,780,1514.78916,3
279.985278,383,1516.524158,49
254.108255,343,1517.224158,68
201.998337,335,1517.90116,35
531.000531,584,1518.726157,106
-33.590614,101,1519.259158,9
408.098796,448,1520.006161,99
-63.324852,82,1520.535161,7
-25.596839,121,1522.174157,17
424.927909,489,1522.966161,105
-88.623925,67,1523.485158,4
125.210429,251,1524.117158,35
-66.485893,82,1524.642158,8
142.55311,285,1525.296158,30
184.861322,328,1525.966164,23
340.252753,469,1527.693159,34
583.655114,651,1528.580157,120
121.501378,260,1529.209162,33
151.480844,358,1529.898157,22
-51.002604,142,1530.454158,12
374.519325,448,1531.193162,86
532.204544,563,1533.025694,90
442.965358,1040,1534.317499,143
315.643254,401,1535.037497,34
126.344368,755,1537.000494,55
149.53639,266,1537.640168,43
274.909758,390,1538.359557,46
78.731179,199,1538.955559,15
909.122135,978,1541.025555,145
747.935504,766,1541.962554,148
-73.764349,76,1542.476555,6
606.350345,614,1543.321555,138
1079.063087,1076,1545.401557,165
258.319182,364,1546.104554,59
-82.620895,70,1546.621555,5
393.469834,468,1547.379555,85
222.252479,328,1548.044554,47
1567.944084,1428,1550.316555,300
-35.253595,110,1550.854555,11
-88.036654,139,1551.405556,8
468.145501,526,1553.187556,103
305.846954,390,1553.918556,70
-67.881381,82,1554.450558,7
299.367741,396,1555.172555,67
92.406118,222,1555.778554,38
-79.956281,67,1556.299554,5
215.369945,316,1556.973575,55
141.300054,273,1557.617646,34
73.916794,212,1559.197644,18
266.720852,377,1559.913646,43
331.022697,443,1560.662648,51
28.976862,189,1561.247646,21
354.443656,431,1561.984646,78
-102.942306,113,1562.537647,5
58.327259,188,1563.128645,26
152.76636,285,1564.802645,34
-50.689211,125,1565.360646,8
-39.958207,115,1565.905646,12
182.068035,348,1566.597646,30
991.791172,1002,1567.667646,155
12.790734,166,1568.238646,10
-81.363612,71,1568.756646,5
220.022473,323,1570.426644,65
311.688179,589,1571.277738,48
-342.63794,1144,1572.452736,58
-407.629052,643,1574.272738,24
-62.559759,354,1574.958736,18
-160.146317,124,1575.523736,2
64.622125,217,1576.145738,20
-349.131581,237,1577.014739,0
317.985977,406,1577.750742,77
117.103296,307,1579.415736,57
735.580986,1180,1580.627736,139
96.901474,228,1581.237738,25
168.468587,263,1581.862739,30
-316.432532,307,1582.866737,3
234.896654,519,1584.623737,46
413.214861,520,1585.414737,50
-79.122952,156,1585.981737,10
-22.205619,243,1586.873738,21
452.085215,529,1587.664737,77
319.781542,423,1589.444737,61
513.25121,555,1590.265737,94
206.424831,321,1590.949738,39
-22.690986,126,1591.506737,15
804.432313,779,1593.418736,177
569.567941,838,1594.500737,108
58.885782,212,1595.100737,13
683.116735,708,1595.99874,134
841.029901,858,1597.998738,109
539.882468,796,1598.952737,77
162.859996,281,1599.592736,36
982.715526,986,1601.638737,158
240.077039,332,1602.312738,67
111.249455,233,1602.923736,41
266.916724,362,1603.618736,70
-38.688085,129,1604.169736,10
1212.836971,1123,1606.311738,247
62.102822,193,1606.907736,19
139.223623,260,1607.540739,38
428.849898,562,1608.358736,70
1191.419721,1152,1610.629736,203
440.57632,514,1611.421736,82
-54.605735,100,1611.964738,8
251.277416,356,1612.655736,46
43.516024,180,1613.256738,20
898.225563,885,1615.261736,173
194.156297,315,1615.956737,27
66.170346,191,1616.557736,30
611.800242,652,1617.421736,120
543.308627,659,1619.219736,76
96.276225,251,1619.848738,26
544.631067,614,1620.714738,99
463.90281,606,1622.583737,69
130.008858,271,1623.249738,15
-52.383024,95,1623.806737,6
200.478732,296,1624.470736,66
-37.518726,369,1625.182738,24
183.636009,301,1625.842736,54
467.699359,534,1626.683738,83
-51.246642,207,1628.247736,11
137.889841,264,1628.888737,39
194.435166,360,1629.58374,47
416.852619,483,1630.357755,91
452.533383,515,1631.155759,105
-69.15563,77,1631.701757,6
-75.698599,76,1632.248755,4
30.641662,174,1632.841756,16
98.613502,223,1634.474753,17
-68.770684,87,1635.007755,5
166.395737,276,1635.645497,51
213.429272,313,1636.307497,52
717.873553,715,1637.205496,159
-84.722235,69,1637.722501,4
733.066858,724,1639.670497,161
44.276237,173,1640.261497,24
498.322907,558,1641.110496,98
-88.78175,64,1641.622497,3
-78.708264,75,1642.151497,6
-49.016421,106,1642.700499,13
125.680125,237,1643.323498,43
306.283447,382,1644.043496,86
-31.821596,99,1645.641498,9
86.638786,280,1646.324497,26
663.992312,694,1647.247498,124
282.067965,366,1647.940498,83
-74.064475,81,1648.467497,8
-6.929746,145,1649.028496,12
196.054718,298,1649.674496,60
-3.285102,127,1650.469496,19
98.074031,238,1652.080496,15
29.496919,169,1652.678498,20
289.837065,394,1653.392496,55
-31.923991,114,1653.931499,12
613.522334,811,1654.906496,135
-14.262039,177,1655.489496,7
431.035791,504,1657.245496,77
135.998368,262,1657.875496,38
87.452849,204,1658.466496,33
159.479756,279,1659.102767,41
283.269412,388,1659.804765,57
442.172894,524,1660.591766,80
-21.027961,129,1662.08377,4
307.786832,397,1662.802767,60
111.661524,223,1663.405766,39
296.393037,382,1664.106766,61
438.10176,544,1664.904766,64
490.648604,669,1666.716765,105
-8.189086,132,1667.275765,17
410.75664,492,1668.039766,87
138.811953,281,1668.677766,31
2.506743,106,1669.214819,8
463.891446,529,1670.013812,90
538.777535,607,1671.814813,86
168.368934,270,1672.451816,55
-16.405784,125,1673.007811,14
17.444349,160,1673.583812,22
398.86022,492,1674.371811,76
-48.036145,96,1674.908812,11
-17.051185,141,1675.474812,14
400.290261,483,1677.267811,75
326.14218,426,1678.037812,56
-50.079647,95,1678.571811,10
1.130718,141,1679.139812,18
-74.188386,82,1679.662811,8
63.088993,294,1680.314812,23
-5.487161,144,1680.879812,14
37.241962,171,1681.467812,22
-72.3693,76,1681.989811,5
-84.942119,66,1682.505811,3
-96.306297,55,1683.019813,2
112.562224,240,1683.644812,38
161.95092,271,1685.248816,50
-6.924179,130,1685.814811,16
-53.387846,96,1686.347811,10
219.598133,323,1687.010811,54
542.217612,582,1687.856811,127
-83.266053,74,1688.388813,4
153.591691,268,1689.043812,45
335.499859,410,1689.789811,95
11.929233,270,1691.513811,14
191.61653,287,1692.196812,64
-5.47479,142,1692.765811,14
527.469478,569,1693.597811,128
624.773929,703,1694.508811,93
37.544901,184,1695.099838,17
624.666757,644,1697.085812,138
137.29836,261,1697.732812,37
102.498858,238,1698.366813,30
-48.291326,94,1698.903811,11
-58.084895,105,1699.443811,8
59.285174,176,1700.032815,23
113.341648,240,1700.653815,27
374.414757,461,1702.43981,81
184.066794,306,1703.113812,41
-50.097431,124,1703.661811,7
72.557477,199,1704.259811,29
418.322284,517,1705.045811,86
265.800049,370,1705.746811,46
158.792344,333,1706.427811,23
-35.365938,115,1708.014811,13
-62.932488,84,1708.561811,9
-6.077143,142,1709.131811,15
321.697079,382,1709.856811,94
148.598727,259,1710.503812,56
406.008863,462,1711.269812,103
-797.876987,337,1712.046831,2
-51.577563,91,1712.600833,10
-71.629848,80,1713.133833,7
-66.787833,75,1713.652831,6
27.765175,215,1715.22783,18
216.689711,304,1715.895833,57
-68.866072,81,1716.417833,8
191.323931,288,1717.065979,57
1430.189312,1312,1719.277979,273
274.873696,610,1720.134978,67
-65.639393,80,1720.65498,8
-51.392868,95,1721.183979,7
395.837366,473,1721.945978,72
592.517267,662,1722.815977,90
255.278172,360,1724.49107,59
1.680847,153,1725.058825,12
102.79391,719,1726.131824,44
-86.608887,67,1726.643824,4
309.586766,684,1727.524826,80
-102.464517,126,1729.035825,5
571.247289,651,1729.909824,69
173.811722,386,1730.620825,33
128.481918,243,1731.279829,38
-234.288213,267,1731.928824,8
72.217624,191,1732.549829,14
8.615703,142,1733.124824,11
-330.738076,930,1735.260825,104
10.430074,501,1736.043824,28
154.786192,268,1736.678827,48
-158.058899,392,1737.385825,22
60.490345,192,1738.987823,24
2.906084,146,1739.562825,10
-21.667617,331,1740.331825,27
186.019938,300,1740.997824,43
197.269799,313,1741.660825,37
90.564833,348,1742.339827,22
453.967818,513,1743.121824,96
-52.933894,97,1744.619824,12
-70.672875,80,1745.144824,6
-79.967505,74,1745.662827,5
375.353837,463,1746.414826,89
340.402585,428,1747.147824,73
199.155361,323,1747.826824,33
333.730975,466,1748.593835,57
84.654178,206,1750.212833,28
52.454868,190,1750.812834,26
-20.644101,125,1751.359833,10
399.879983,464,1752.126836,106
404.904866,553,1752.944834,42
754.464321,792,1754.838833,132
602.829117,637,1755.718834,113
81.503549,210,1756.318834,29
-89.506704,64,1756.827835,3
126.780023,239,1757.446834,39
-67.937533,84,1757.978836,8
303.255376,384,1758.690834,73
-79.021187,72,1759.208834,4
181.917218,288,1760.868835,48
167.975189,304,1761.532834,23
-29.729991,111,1762.076834,10
-82.449486,69,1762.593834,4
79.445417,206,1763.201836,27
195.529248,329,1763.886835,35
-91.5067,63,1764.409834,3
569.063213,613,1765.255836,125
-82.082675,71,1765.770833,4
-65.418948,88,1766.301853,10
537.115439,583,1768.126877,114
678.283184,727,1769.048853,114
201.249191,314,1769.712853,54
-70.545764,86,1770.235854,5
888.657825,958,1772.322856,170
-30.424742,115,1772.873853,13
132.911158,275,1773.519853,31
242.609611,333,1774.193853,62
595.686045,632,1775.054855,124
422.632565,472,1776.816854,106
-27.775132,103,1777.361853,10
-27.42659,116,1777.907854,12
-79.363939,73,1778.435856,5
39.223161,163,1779.015853,25
-19.974736,125,1779.583853,12
288.987825,379,1780.295854,64
-72.160111,78,1780.837853,8
-77.868698,72,1781.361854,6
613.562283,625,1782.220853,150
95.255525,332,1783.868853,29
-3.536728,134,1784.419853,16
-38.996757,104,1784.952855,9
128.458012,250,1785.573855,32
168.583167,276,1786.211854,46
-13.63038,128,1786.760853,14
-77.164281,75,1787.282854,6
-79.822883,70,1787.808853,5
203.35877,301,1788.468854,60
36.964312,162,1789.055853,25
-251.003489,332,1790.698853,8
257.993644,355,1791.400857,67
-74.275339,77,1792.152858,6
204.107704,302,1792.813854,47
288.508415,376,1793.506854,69
-52.370574,99,1794.034854,12
-75.008332,74,1794.545853,5
105.626012,226,1795.152856,34
315.212811,412,1795.872855,52
45.76128,181,1797.402854,15
141.277311,241,1798.031853,25
-80.580773,75,1798.544853,6
30.697465,170,1799.117853,28
209.436179,313,1799.777853,50
115.728229,242,1800.396856,32
240.387786,343,1801.082853,56
225.317382,338,1801.769853,41
49.418045,185,1803.341854,25
-28.717277,114,1803.915854,8
532.264614,638,1804.790854,113
836.949014,953,1805.861853,97
389.120272,488,1807.614855,69
-28.259779,119,1808.177853,9
57.894049,197,1808.766854,11
430.923163,576,1809.586853,39
461.142419,687,1810.477855,53
-80.409136,69,1810.992853,4
361.773197,496,1812.824853,46
602.481474,645,1813.696854,78
115.491122,240,1814.313855,37
-75.784334,216,1814.924853,12
-53.755994,101,1815.465854,12
-5.770117,98,1816.005853,7
1.401935,134,1816.566853,16
779.588906,1156,1819.039854,85
310.813425,420,1819.787855,58
-299.742436,573,1820.629854,21
-27.803636,125,1821.191854,11
-435.672364,415,1822.893854,11
1021.185853,1011,1823.977853,178
-21.412024,123,1824.523855,13
-121.225683,148,1825.086853,7
-377.757858,1079,1827.203855,128
319.865956,411,1827.925854,66
98.294342,217,1828.534853,22
128.047934,236,1829.154853,47
283.775889,426,1829.891855,25
99.106951,229,1831.493853,25
278.528332,354,1832.211854,84
553.374527,618,1833.061854,98
661.004585,707,1833.974855,114
63.223245,205,1834.572854,18
95.15596,270,1836.165852,40
-82.52583,67,1836.692853,4
-63.736524,82,1837.211853,7
-73.673759,80,1837.729853,8
-75.140499,70,1838.240853,4
-73.58493,77,1838.752854,7
-80.593103,73,1839.272854,6
157.851344,273,1839.905853,35
97.683573,219,1840.519853,34
-20.107403,125,1841.075853,14
32.794088,157,1841.654853,25
-80.54548,65,1842.177853,4
73.049863,206,1842.783144,29
252.332834,369,1843.507147,50
270.581755,480,1845.258144,87
-58.020868,95,1845.790144,9
521.790727,561,1846.607144,111
87.56947,212,1847.217145,31
255.662962,326,1847.898145,53
-697.541222,417,1849.558143,4
220.33972,324,1850.264144,62
-86.027475,69,1850.789796,5
487.966909,534,1851.595107,111
386.954548,482,1852.354106,105
-75.675051,76,1852.869106,6
-86.786951,69,1853.380106,5
325.723644,412,1854.10511,69
18.295825,158,1855.729556,17
91.415893,331,1856.432365,44
176.138434,310,1857.100368,34
726.394888,780,1858.054463,112
13.78489,151,1858.621462,20
361.122282,436,1860.312462,81
78.154215,220,1860.940464,24
-72.146413,85,1861.466463,6
-180.075531,76,1862.166463,0
393.347579,461,1862.922463,98
155.958744,291,1863.570463,26
-967.251273,500,1864.356464,6
218.419709,316,1865.026463,66
308.476017,409,1866.758463,53
-44.637913,125,1867.313462,9
-31.091324,172,1867.898463,9
341.154662,448,1868.649463,61
-47.505333,209,1869.260463,10
411.604156,506,1870.060463,69
-34.611984,120,1870.612462,9
-354.391579,647,1872.458618,31
-364.512809,418,1873.183621,21
148.550794,233,1873.804621,40
-1378.391302,1185,1875.965619,40
482.52926,1009,1877.063437,80
-84.559219,69,1877.580436,4
468.796095,529,1878.377436,105
388.297378,475,1880.141435,71
7.438143,146,1880.713435,23
-82.163025,83,1881.245436,5
95.851492,221,1881.863435,30
72.793756,213,1882.473435,27
131.409401,329,1883.169437,46
168.192106,287,1883.826437,34
35.403022,170,1884.405436,32
180.433305,319,1886.046434,38
-218.625382,169,1886.653435,3
-106.981329,275,1887.364439,10
100.366572,232,1887.990439,20
-173.798464,184,1888.952974,7
-125.271894,753,1890.247974,55
142.631585,255,1890.879974,39
-11.164664,318,1892.512973,24
7.946216,153,1893.076977,13
-56.273224,91,1893.604974,10
-2.853696,136,1894.157974,16
175.646496,283,1894.807974,50
369.226467,442,1895.547974,76
-59.304101,92,1896.084974,7
151.39143,270,1896.717975,40
1535.047159,1485,1899.077974,210
858.529344,936,1901.044975,71
-55.621273,91,1901.583974,10
65.537592,201,1902.180974,28
514.160457,657,1903.055974,58
617.563843,648,1903.917976,139
-39.284078,101,1904.452975,9
119.542141,235,1905.070974,31
156.457191,280,1906.675976,34
547.52883,651,1907.556973,98
37.771899,191,1908.146977,17
-17.403191,118,1908.698974,12
-74.017617,73,1909.216974,6
156.219413,254,1909.847974,53
607.157618,703,1911.802292,111
-90.918818,59,1912.351292,2
259.330657,893,1913.399449,129
362.11731,436,1914.17345,80
-1.375956,136,1914.752597,21
-73.039296,78,1915.286733,5
-17.859935,128,1915.847828,16
-25.175823,117,1916.401828,13
113.37173,228,1918.013872,35
98.777721,239,1918.655875,26
520.542526,670,1919.534872,73
117.732508,241,1920.153872,34
105.754058,221,1920.758872,36
303.886697,399,1921.475877,62
238.842293,368,1923.146872,35
156.159728,259,1923.784873,47
132.219302,262,1924.413873,22
44.42533,189,1924.99909,16
465.353503,558,1925.82009,91
439.375206,473,1926.58209,116
315.909684,368,1928.294089,76
-74.688738,73,1928.815092,5
42.901465,165,1929.39309,30
505.086808,562,1930.225091,97
207.582531,306,1930.888089,63
-80.488782,65,1931.399092,4
-91.489773,60,1931.91609,2
-80.849543,67,1932.44009,4
57.841421,189,1933.034091,23
152.620962,287,1934.685088,27
-48.013911,107,1935.255089,8
-77.626276,77,1935.779089,6
632.840395,649,1936.670091,144
345.895193,427,1937.40609,82
657.717847,687,1938.567092,125
-76.316906,72,1940.131969,5
-70.088128,677,1941.07997,47
-442.336131,1048,1942.18597,68
215.193302,339,1943.784009,45
55.343744,193,1944.394011,17
304.890266,415,1945.124009,54
-70.224792,138,1945.69301,8
170.224732,251,1946.338011,40
47.119278,186,1946.925009,21
182.95877,295,1947.58101,45
94.921715,207,1948.17601,33
118.768092,274,1948.814009,30
126.480209,264,1950.397009,29
186.08196,293,1951.05601,54
62.914035,199,1951.65001,20
-41.917924,102,1952.184011,12
299.698551,395,1952.89701,61
391.802894,470,1953.658014,85
63.044619,225,1954.26701,18
92.816059,223,1955.905009,31
-81.233829,69,1956.44101,5
198.798186,300,1957.09701,51
-82.742032,67,1957.611715,5
-83.09157,70,1958.125714,5
-87.859113,315,1958.791713,18
156.149294,282,1959.432713,31
206.328158,310,1960.093526,55
-3.004627,147,1960.659525,16
-80.781636,74,1961.180493,5
-85.336736,70,1961.695495,4
-82.471892,74,1962.214252,5
223.885282,303,1963.788129,69
498.972289,543,1964.607131,106
-1.18579,304,1965.26313,22
319.110839,400,1965.98513,87
-80.83492,68,1966.50013,5
-14.094331,131,1967.05113,19
124.962357,231,1967.671132,45
-59.418911,90,1968.20813,10
299.891658,401,1969.982129,63
-65.893584,81,1970.53713,6
-88.256388,67,1971.05213,4
-76.435576,78,1971.573132,7
329.762628,395,1972.282131,91
-132.298523,314,1972.948132,17
328.643668,463,1973.707138,35
-56.503548,94,1974.235237,11
112.183374,227,1974.843237,39
-84.744362,66,1975.351237,3
-93.221906,61,1976.861239,3
394.694885,438,1977.618237,102
-45.640673,107,1978.16724,15
-89.211639,97,1978.71924,4
530.733413,636,1979.598237,74
594.029828,659,1980.495237,103
277.538407,371,1982.205238,68
169.886023,286,1982.856183,40
638.919525,695,1983.750184,103
77.529781,208,1984.355182,32
204.351757,602,1986.209182,47
76.254041,217,1986.831183,27
-91.834269,59,1987.342182,3
-32.321958,126,1987.900185,10
-84.803718,68,1988.417183,5
19.983613,156,1988.986183,18
85.463262,224,1989.598183,22
-87.753283,68,1990.110183,4
-44.473445,105,1990.646186,14
-79.461961,72,1991.160183,6
429.832215,487,1991.925184,104
239.05042,344,1992.606183,57
310.171886,416,1994.298183,59
-279.356872,208,1995.011184,3
320.345644,420,1995.738185,65
-78.468059,71,1996.256183,6
297.876534,387,1996.963187,67
-2.352901,141,1997.523183,18
261.426305,748,1999.545183,76
469.049592,519,2000.343183,101
-583.075902,435,2001.600182,12
-509.479853,374,2002.298182,13
128.557343,503,2004.113184,41
15.229072,145,2004.695183,15
22.037825,183,2005.279183,20
110.069683,434,2006.015183,22
291.152407,542,2007.094185,60
188.87278,315,2007.766182,37
161.783864,283,2008.421184,33
-61.818793,89,2008.949187,6
-572.800404,565,2010.928183,23
-1133.677144,562,2012.263169,4
76.92362,214,2012.86517,27
146.29899,272,2013.511169,26
-4.840037,154,2014.08217,7
219.678971,317,2014.755171,55
-52.860844,138,2016.404172,11
-91.904455,165,2017.32217,11
116.393975,347,2018.02317,39
-14.765954,127,2018.573171,19
-139.668391,421,2019.334172,13
-1399.538215,698,2021.039171,3
-42.628007,517,2022.86718,29
362.411968,467,2023.643264,60
429.778455,502,2024.451279,88
225.886352,361,2025.148168,28
116.792902,236,2025.791169,47
392.755675,501,2027.789169,117
11.441923,166,2028.372172,13
314.590707,463,2029.146043,46
-45.275417,99,2029.693043,9
0.208235,168,2030.287042,16
-25.719854,140,2030.880042,12
-60.926843,358,2031.60404,12
184.537847,317,2033.35804,43
-69.290866,80,2033.944479,4
387.477623,477,2034.725781,77
-11.850969,132,2035.287783,18
498.033621,552,2036.171783,89
204.067451,359,2036.882793,56
-17.778909,128,2037.439794,11
169.008493,293,2039.106794,43
254.841079,353,2039.817796,49
369.987267,445,2040.569773,87
172.677905,274,2041.217774,45
753.530856,747,2042.154774,174
-3.982667,141,2042.712775,13
434.659457,519,2044.593774,75
500.116328,587,2045.430981,81
471.395379,827,2046.425981,76
5.474685,149,2046.996981,24
-16.173682,106,2048.553982,12
-216.242112,676,2049.484983,39
271.297402,884,2050.504984,70
611.496692,1160,2052.684983,147
99.580219,209,2053.282984,33
237.58312,333,2053.969984,62
424.47468,500,2054.752983,82
-56.596974,116,2055.311982,5
-66.50573,83,2055.860984,8
-82.745905,72,2056.378984,5
-74.299976,76,2057.902983,7
51.207367,189,2058.511983,18
-50.436189,458,2059.279982,19
95.6081,218,2059.888981,39
81.367265,455,2060.644983,27
-8.816718,124,2061.196982,14
43.042491,446,2061.945982,25
159.132209,316,2063.638982,18
582.04253,622,2064.496981,129
-74.343868,588,2065.518983,31
-237.661774,100,2066.506982,0
-164.926276,426,2067.390981,23
124.903605,317,2069.089981,45
202.568088,305,2069.764982,51
466.693696,552,2070.585981,73
-30.015541,105,2071.135982,11
-16.843419,127,2071.692985,17
88.909199,236,2072.326982,15
376.635143,476,2073.105981,69
-71.404999,82,2074.636981,6
400.114087,491,2075.446982,64
-89.263901,113,2076.026983,5
-79.242678,71,2076.541982,6
221.426657,347,2077.245983,44
-28.425387,118,2077.800981,13
97.792353,217,2078.414981,33
171.750717,290,2079.061981,46
1084.4821,1027,2081.213984,225
-58.126623,91,2081.745982,11
46.893107,186,2082.340981,28
98.433828,211,2082.945981,40
275.950295,365,2083.645981,74
171.027305,260,2084.275983,65
177.11843,295,2085.968983,45
-66.835907,83,2086.522984,9
553.812141,641,2087.393983,62
314.195082,389,2088.103981,82
79.994693,197,2088.705981,27
403.1798,507,2089.51624,56
-47.084124,103,2090.05324,10
128.96917,253,2091.874238,31
25.507025,167,2092.471241,19
-105.508079,539,2093.284238,28
-87.967962,740,2094.405237,50
216.687479,864,2096.388239,56
137.375755,255,2097.028238,32
199.976455,520,2097.846239,33
-92.990736,178,2098.569239,10
540.384146,731,2100.739237,79
-149.304557,145,2101.319237,3
29.319153,174,2101.905241,11
180.509711,391,2102.625238,25
-50.696634,108,2103.169238,12
76.593668,180,2103.758243,31
267.926379,367,2104.464241,24
-2.284923,159,2105.037237,8
685.92806,772,2107.188237,133
33.541648,176,2107.78224,26
945.312534,944,2108.856239,176
58.424448,243,2109.47924,21
-70.357148,96,2110.015238,5
35.379216,175,2110.598237,24
57.564424,195,2112.146238,24
115.06668,246,2112.783237,23
42.932831,180,2113.369237,30
397.781699,451,2114.115237,69
59.070004,194,2114.707238,25
-75.258476,76,2115.224238,6
36.623374,170,2115.797237,28
23.078412,166,2116.374239,18
290.907984,341,2117.060238,73
199.122412,328,2118.82124,39
-37.688087,111,2119.375239,9
748.12074,735,2120.304238,122
943.485232,1469,2122.683238,148
102.04671,370,2123.386237,20
72.375943,224,2124.001238,18
-16.401446,125,2124.556237,18
471.286377,587,2125.394239,71
-44.696537,108,2125.937238,15
-53.840516,95,2126.476238,13
-60.487781,94,2127.956238,11
876.966564,908,2129.008237,119
613.999277,657,2129.879238,135
821.867572,820,2131.782237,143
6.535756,166,2132.360238,18
-61.436731,84,2132.89224,9
-67.141068,82,2133.42324,8
-100.246042,132,2133.981237,5
37.192166,173,2134.560237,26
169.164175,568,2135.389237,46
163.057624,285,2136.035239,27
-189.313663,482,2137.745236,25
219.408768,341,2138.433238,31
-1256.546097,523,2139.245237,10
-26.086781,131,2139.797237,6
283.37284,599,2140.644239,43
-398.255045,314,2142.36724,7
-24.967127,137,2142.94024,3
238.390556,357,2143.641238,36
-193.35533,139,2144.203238,1
99.695554,246,2144.86024,19
-668.757622,348,2146.421238,2
-200.71666,140,2147.255239,0
54.449254,689,2149.289237,40
-44.75842,93,2149.824238,7
0.764671,150,2150.385238,6
-928.189974,696,2151.484238,22
-46.856179,115,2152.028238,8
154.657287,498,2152.807239,24
292.511748,433,2154.548237,38
-46.990514,111,2155.114239,9
-1066.51374,632,2156.327237,4
824.926416,908,2157.361238,118
-179.727771,110,2158.37824,2
-30.959304,367,2160.471584,28
-165.427472,250,2161.474588,13
-60.453985,373,2162.415583,28
-0.419426,216,2163.019585,11
76.61409,219,2163.625583,23
-37.044217,196,2164.466586,20
70.617521,361,2165.162583,14
24.215356,199,2165.758583,14
-460.01188,518,2167.489584,28
-2184.075467,964,2169.652584,20
-9.802361,157,2170.224584,5
-924.976891,714,2172.961585,3
-22.512174,120,2173.524584,13
114.349967,394,2174.265584,29
-53.762181,113,2174.82611,2
48.083949,186,2175.452419,26
51.339057,185,2176.055421,8
263.469832,567,2176.898086,54
337.128328,459,2178.739085,67
932.697353,959,2179.814085,158
136.458678,336,2180.494085,34
0.306801,157,2181.064089,7
-43.552784,116,2181.612086,8
168.044042,419,2183.275227,51
-10.296727,131,2183.85623,16
686.758667,771,2184.823228,87
262.729648,375,2185.541227,39
205.490299,302,2186.203228,62
340.966976,471,2187.98323,42
310.811247,389,2188.714229,80
66.563042,196,2189.322227,28
-89.608728,66,2189.843228,4
-77.44527,80,2190.368231,8
258.638701,343,2191.086228,65
22.40889,164,2191.676327,17
-70.459737,86,2192.20737,9
350.545464,422,2192.938598,79
193.697371,298,2194.545597,59
122.778406,243,2195.179598,42
-87.097082,66,2195.7056,5
-1349.80981,720,2196.625601,22
25.710227,157,2197.199598,30
-31.005744,112,2197.740598,16
313.896613,498,2198.517598,76
-27.566702,119,2199.986599,15
614.334985,640,2200.877598,129
-0.256066,633,2201.766597,30
77.243916,205,2202.376598,26
147.637947,267,2203.019598,37
-91.528451,61,2203.5566,3
-84.623632,65,2204.070599,4
-76.129583,70,2204.593601,6
540.998478,563,2206.391598,138
-88.996452,68,2206.912597,5
-21.445002,116,2207.452597,12
-32.887525,117,2208.002597,13
-30.021732,109,2208.552598,14
-86.071349,67,2209.074598,5
62.650956,190,2209.672598,28
-91.159765,57,2210.181598,3
-81.899509,68,2210.710598,5
-66.680036,80,2211.240598,5
-29.809787,114,2211.805598,12
-1.10111,139,2212.3766,16
-23.428096,120,2212.937599,14
190.762437,287,2213.610598,53
-42.316681,100,2215.119602,12
-64.065544,88,2215.667599,9
346.191939,429,2216.402598,78
-86.982635,64,2216.914598,5
-78.512812,70,2217.432602,3
-25.422421,122,2217.9826,16
473.464012,533,2218.777598,106
28.089204,159,2219.346597,24
-89.538101,64,2219.8576,4
-27.0573,113,2220.401601,14
128.394028,359,2222.268598,45
204.008074,291,2222.967603,70
-92.303313,59,2223.497598,2
164.261925,270,2224.1396,48
321.807531,406,2224.876598,66
-34.339328,109,2225.4166,11
-93.33575,54,2225.923598,2
-69.358219,470,2226.789598,71
206.889332,311,2227.459598,46
71.009505,194,2229.021598,30
42.107349,169,2229.6096,23
240.240157,335,2230.290598,59
2.115839,137,2230.851598,14
-41.558749,102,2231.391601,10
342.639251,414,2232.1416,82
-92.576754,62,2232.682599,3
16.548295,151,2233.263598,19
339.940345,418,2234.016599,84
357.064391,440,2235.820601,82
-47.329449,107,2236.366601,6
-68.507317,81,2236.898598,5
81.970661,207,2237.525598,31
-86.026196,67,2238.051599,5
58.31116,191,2238.659598,17
1107.485212,1126,2240.983598,235
-85.527255,64,2241.524598,4
217.879484,359,2242.513599,23
92.127565,215,2243.166599,31
281.894497,374,2243.9326,66
-83.973107,71,2244.482598,5
-68.757033,78,2245.013598,7
152.877528,293,2245.719793,50
-77.747062,75,2246.275792,5
-21.713499,119,2246.852793,13
289.288132,380,2248.828792,69
-81.625102,75,2249.442794,6
-79.181465,73,2250.091795,5
97.984981,221,2250.78381,38
130.065743,248,2251.470811,39
159.669482,289,2252.157825,32
-42.519383,103,2252.727829,8
483.72836,532,2253.569825,112
94.160621,222,2254.248825,28
109.005074,241,2254.894841,23
193.434135,298,2256.951842,55
192.834191,309,2257.642841,43
90.557925,214,2258.290843,28
-83.844508,72,2258.850842,6
475.715674,571,2259.704841,69
-78.304733,73,2260.269843,4
63.403334,199,2260.910841,36
503.749031,565,2263.016842,93
106.514441,240,2263.688844,15
88.366485,530,2264.549843,45
-35.229093,125,2265.204096,11
8.145846,159,2265.91772,8
596.826601,845,2268.58905,71
253.631696,363,2269.419694,56
519.878477,602,2270.34171,93
175.44366,286,2271.039557,51
-655.369467,565,2272.327523,37
548.9251,588,2274.191372,116
-44.399232,100,2274.728374,12
375.655596,442,2275.467372,83
229.434418,362,2276.174371,51
-48.131757,103,2276.711479,7
39.266718,175,2277.293481,21
-48.172313,94,2277.825703,9
266.737874,487,2279.560484,63
815.116081,824,2280.554482,160
2.672518,139,2281.124484,16
-88.271575,67,2281.639482,4
98.187459,217,2282.250483,38
-78.51416,78,2282.770482,7
-82.103902,67,2283.275482,5
-3.344735,138,2283.824482,22
5.356448,152,2284.381482,13
9.290272,146,2284.931482,18
-42.362923,95,2286.409484,12
-65.774601,81,2286.939483,8
423.367734,482,2287.708482,99
-43.280191,96,2288.239524,10
-11.517987,130,2288.787524,14
-55.288224,93,2289.306526,9
323.707575,440,2290.048686,39
-35.937907,107,2290.580685,11
-74.693092,83,2291.119687,8
596.709751,601,2292.987941,138
-23.280198,120,2293.538941,14
-92.65344,62,2294.05894,3
-85.278373,61,2294.56094,4
-28.224067,116,2295.10194,14
-52.544075,99,2295.62994,12
84.78498,209,2296.22194,28
1255.754874,1119,2297.38194,291
-72.452907,79,2297.90094,6
-1341.586428,587,2299.740941,10
87.881576,220,2300.368941,26
54.626614,181,2301.006941,26
-77.228879,69,2301.52094,5
-25.555375,117,2302.056941,11
95.231344,216,2302.692941,29
47.460613,193,2303.34794,14
-80.267363,73,2303.856941,7
27.995072,159,2304.425941,19
-87.101107,67,2304.93794,5
0.88132,162,2305.567941,8
176.923929,289,2307.224017,44
77.427728,199,2307.832016,34
178.085928,277,2308.482929,63
-89.314131,65,2309.012368,3
723.45021,701,2309.930061,176
-0.270779,136,2310.502854,15
-83.392871,69,2311.032853,5
-28.014243,116,2311.690865,12
-86.791522,63,2312.303854,4
-93.095279,57,2312.822854,2
556.130629,572,2314.695853,139
62.12799,369,2315.399854,31
-89.336245,64,2315.936854,4
-75.963026,73,2316.482856,5
-36.242736,105,2317.026853,10
-23.23631,114,2317.607856,13
79.201719,209,2318.226853,26
-17.706368,121,2318.774854,13
224.889693,320,2319.449854,61
9.494054,143,2320.021853,20
-84.20469,63,2320.535854,4
-84.364298,65,2322.058852,4
-78.153876,73,2322.602853,4
-15.965332,126,2323.160854,12
-26.563959,113,2323.716854,10
-82.44383,74,2324.249853,3
29.007307,165,2324.824853,20
-279.635825,250,2325.452854,10
-37.84982,106,2325.998855,10
0.931348,137,2326.565853,17
99.284951,222,2327.179853,37
168.111056,271,2327.825853,57
-71.699584,76,2328.347856,6
-74.746412,78,2328.880856,8
174.283766,277,2329.559857,63
40.057936,170,2331.180852,26
-8.743596,132,2331.762853,17
-75.828043,73,2332.304853,6
-24.030215,116,2332.859854,15
-58.584576,96,2333.398854,9
-37.951377,106,2333.946855,10
-57.649035,88,2334.482853,8
-35.391816,109,2335.031853,11
1.93305,130,2335.590853,19
301.451066,372,2336.305528,91
-78.312425,68,2336.828528,5
-80.475351,70,2337.349528,5
239.755423,346,2338.039527,49
-14.397239,132,2338.598527,13
-74.065403,72,2339.133528,6
568.653657,598,2341.053528,122
-90.904978,60,2341.59053,3
329.072902,381,2342.30853,100
70.454269,197,2342.91053,25
98.12336,215,2343.533532,37
146.579755,264,2344.181527,42
-81.094759,67,2344.702528,4
-79.516312,76,2345.22753,6
54.023518,184,2345.823528,26
235.406396,314,2347.509382,72
-78.691603,75,2348.041381,4
81.962551,200,2348.678381,35
-78.503537,75,2349.208381,4
-5.891088,140,2349.820381,14
-50.305471,100,2350.373381,11
-82.275401,68,2350.90038,4
-92.881161,59,2351.408161,3
-42.895749,109,2351.960164,12
400.330062,479,2352.740163,81
-91.360545,59,2353.256161,3
-22.900492,118,2353.806162,18
-88.958024,64,2354.327161,3
-66.564584,86,2354.862591,10
73.682786,195,2356.428589,40
182.99327,302,2357.11959,36
136.575398,274,2357.76259,30
-30.747288,114,2358.312591,14
165.049957,282,2358.964851,43
-45.106907,100,2359.51085,11
22.752159,165,2360.091848,23
125.440798,262,2360.728852,40
-44.263595,98,2361.271848,8
111.893943,317,2361.946849,36
-61.08628,98,2363.505111,8
166.942777,290,2364.187109,36
109.295008,223,2364.798114,40
-78.097138,71,2365.313112,5
-76.917223,75,2365.835387,6
135.11174,245,2366.461387,35
254.020957,365,2367.177387,52
299.476783,372,2367.886386,79
115.582173,225,2368.501386,42
344.455856,528,2370.389386,60
14.794336,552,2371.566002,51
231.35301,372,2372.281003,30
18.649754,143,2372.839003,23
24.921013,315,2373.742003,27
173.450673,327,2375.441448,31
50.315412,186,2376.066214,20
287.42658,445,2376.848213,31
-265.578639,576,2377.97521,18
136.851942,274,2378.627546,34
97.324845,326,2379.579807,32
142.271078,335,2381.417806,39
3.779497,135,2381.992806,22
352.853269,454,2382.755805,71
115.311295,273,2383.406806,21
3.014096,148,2383.980805,20
187.130383,344,2384.671805,26
81.821515,206,2385.263805,43
1088.115859,1236,2387.507806,180
-84.46686,68,2388.025805,5
3.240327,146,2388.589805,19
-42.509244,97,2389.123805,11
9.802487,136,2389.678805,18
258.768192,363,2390.378805,55
-48.757736,92,2390.906807,10
-58.132881,95,2391.446805,12
-71.545599,85,2391.962805,9
-78.871129,68,2392.463805,5
195.260252,265,2394.061807,44
371.009969,432,2394.791806,89
374.28754,444,2395.515805,76
-1.616506,149,2396.069806,12
361.128815,442,2396.806805,74
-77.573086,74,2397.324805,6
70.157078,202,2397.923806,38
-62.436127,87,2399.418805,10
1643.691226,1527,2400.855806,281
-83.486265,67,2401.361806,5
-23.114934,122,2401.909806,16
-21.103198,122,2402.452806,16
-66.156547,83,2402.969805,8
-26.293808,261,2404.618806,24
615.099639,663,2405.550807,110
-77.155777,77,2406.066807,5
435.797467,553,2406.878805,55
-34.311429,101,2407.412806,11
13.590558,148,2407.964805,19
96.388498,219,2408.561805,34
-7.379694,129,2409.114806,18
14.214709,148,2410.662806,22
-83.355785,66,2411.175805,4
-93.365173,65,2411.681805,3
445.35331,653,2412.544806,103
590.291206,600,2413.371806,140
91.808997,220,2413.964806,39
-85.343091,72,2414.474808,4
225.779799,322,2416.123805,60
-70.930276,79,2416.645805,8
-75.982111,72,2417.148806,6
-84.599773,65,2417.649806,4
566.486207,590,2418.463805,125
67.857668,197,2419.046805,37
59.195111,190,2419.628806,25
418.757699,458,2420.371805,124
125.187907,238,2420.984805,43
-68.012722,74,2421.490805,6
-76.324779,75,2422.930805,7
-71.072103,74,2423.451805,6
33.800465,164,2424.011805,28
-42.425236,107,2424.540805,14
-67.423308,82,2425.060809,8
-74.822885,80,2425.575805,4
95.498863,222,2426.170805,30
-81.635203,73,2426.677808,5
180.358351,282,2427.305805,47
883.439394,842,2428.266805,202
-86.003845,66,2429.716809,4
269.917262,384,2430.432806,48
-21.087513,116,2430.961806,13
-84.46224,66,2431.464806,3
369.701019,431,2432.189808,79
466.113748,542,2432.985806,80
32.087751,166,2433.569808,20
560.191972,625,2435.408806,86
-85.77552,79,2435.936805,3
155.29522,263,2436.574805,48
252.98769,367,2437.262805,47
182.93198,297,2437.919805,46
-85.587696,67,2438.436806,5
-92.259918,66,2438.961807,4
151.627983,270,2439.630805,39
-64.764828,82,2440.172805,7
678.795779,721,2442.132805,116
470.062751,540,2442.945806,88
-84.271567,68,2443.491806,4
-71.538499,82,2444.036806,8
-91.62663,61,2444.548805,3
23.514714,157,2445.126805,22
-87.396469,67,2445.652805,5
-79.942842,75,2446.194806,5
-77.851716,78,2446.718806,6
-81.461319,72,2447.236805,6
-72.570319,79,2447.763806,6
76.052643,197,2448.400444,32
-40.173814,97,2448.964441,12
-21.989865,122,2450.666441,16
-18.954767,124,2451.244402,14
-59.506613,91,2451.789365,9
721.021336,760,2452.747364,129
80.875644,218,2453.374365,23
65.665537,191,2453.975364,31
-11.48885,120,2454.531365,14
-62.408085,81,2455.063366,8
-24.140855,118,2455.625368,15
-86.938217,63,2456.143366,4
142.946246,348,2457.826365,24
-10.029119,131,2458.397364,15
-25.203446,123,2458.975366,14
880.884359,858,2460.008818,184
-53.709672,101,2460.551819,11
512.274612,603,2461.408838,78
4.703626,140,2463.066894,21
-59.423213,91,2463.639894,9
298.235945,419,2464.381896,45
251.48029,350,2465.072893,60
104.104315,248,2465.721895,29
335.400362,467,2466.491895,73
-836.266697,356,2467.189893,6
311.93323,411,2468.955896,55
476.251554,533,2469.762893,102
2.583313,141,2470.306893,21
283.483794,501,2471.067894,56
58.750042,211,2471.683893,13
12.281431,152,2472.252893,16
-45.183148,105,2472.783893,13
1720.695485,1612,2475.194893,257
157.861139,279,2475.833893,42
-82.262,71,2476.349895,5
61.545911,193,2477.931892,24
-68.099432,79,2478.470894,6
179.129836,294,2479.150894,48
1.899281,143,2479.750897,17
233.100682,321,2480.453895,75
398.321712,479,2481.242893,81
73.144635,213,2481.880895,32
-82.568465,67,2482.406894,5
285.791151,382,2484.282895,65
-19.599111,123,2484.944895,13
466.40831,535,2485.797894,87
-79.195814,68,2486.333896,4
-229.557328,574,2487.283895,48
-17.172272,119,2487.863893,15
-73.644022,70,2488.384893,5
319.102705,407,2489.174123,73
306.299527,388,2491.145119,69
-41.831828,106,2491.7402,9
131.008234,312,2492.441199,25
238.801815,360,2493.183198,44
7.029433,152,2493.799199,20
422.272207,581,2494.6722,80
43.60052,185,2495.3042,19
-23.840396,122,2496.9072,14
-67.391203,82,2497.464198,8
208.171293,784,2498.4462,45
-72.439704,77,2498.979201,6
426.931496,506,2499.778198,88
99.642465,309,2500.542198,32
18.911207,160,2501.123199,15
49.305831,206,2502.7142,13
264.67674,369,2503.429198,53
139.400454,260,2504.063198,46
384.011127,471,2504.845201,68
-19.179746,138,2505.413198,11
-35.947934,113,2505.963199,15
-36.72803,97,2506.497197,9
-21.945855,141,2507.064198,13
398.35209,640,2508.883198,65
296.680865,399,2509.607199,55
140.417619,295,2510.283198,25
135.403047,253,2510.927201,32
147.23297,264,2511.571198,50
578.169221,742,2513.588201,89
61.74857,188,2514.204198,25
113.934087,299,2514.881198,41
-53.628948,95,2515.423198,7
427.435823,512,2516.478198,75
164.549124,338,2517.174198,47
625.841776,760,2519.163198,148
-62.014489,91,2519.719198,8
150.656996,395,2520.444198,29
350.583162,417,2521.176199,98
-82.525447,68,2521.694198,5
-86.950561,65,2522.219198,4
-46.732861,99,2522.760199,12
459.177306,499,2523.559198,118
-72.893408,79,2524.094198,8
35.820282,172,2525.654197,27
38.514089,195,2526.2502,20
250.714124,343,2526.939198,69
279.45329,424,2527.6752,57
42.547419,179,2528.266198,23
128.105285,246,2528.932721,37
532.540873,584,2531.133581,102
-82.677826,71,2531.752585,4
-79.532851,62,2532.282583,4
174.959828,290,2533.001584,50
592.902564,614,2533.930583,129
162.471914,280,2534.615582,46
281.662594,368,2535.342583,75
80.730944,207,2535.959584,29
190.196322,285,2537.683585,57
840.221181,816,2538.742585,190
-81.053196,76,2539.280584,7
192.81589,307,2539.960585,42
447.144122,502,2540.769586,108
337.411245,452,2542.560583,53
288.673916,645,2543.450585,38
-72.264639,78,2543.984586,8
-69.998284,80,2544.530585,8
-35.867354,111,2545.094583,13
608.923242,616,2545.987106,152
-197.281265,304,2547.687105,13
-145.337376,400,2548.425106,34
402.960737,482,2549.220109,65
219.294171,342,2549.923105,41
396.079291,476,2550.691105,87
32.08094,330,2552.348104,27
2.416134,143,2552.924104,16
16.548563,161,2553.503107,9
85.299985,260,2554.141104,24
-5.113423,216,2554.749104,10
387.206227,544,2555.560104,63
25.825006,234,2556.184106,7
152.637782,267,2556.824106,53
134.224704,257,2558.390105,38
-59.605547,84,2558.927104,6
-81.337187,74,2559.444107,5
-53.851958,92,2559.977105,11
-87.493038,68,2560.492105,4
138.20751,261,2561.133105,40
67.82338,204,2561.742106,19
-27.704793,117,2562.30311,13
-83.303385,67,2562.831107,5
-82.584216,66,2563.351105,4
260.85804,377,2564.074106,53
525.915061,558,2565.830104,120
138.860918,261,2566.480105,41
624.22787,648,2567.362104,140
265.511841,350,2568.052106,73
150.528127,450,2568.806105,38
624.377402,683,2570.748105,113
-77.024128,69,2571.265104,5
-85.12433,65,2571.778104,4
52.778844,197,2572.375107,19
-47.048877,94,2572.908105,8
-53.531133,96,2573.448105,8
97.405056,371,2574.161104,30
210.692662,326,2574.837104,43
390.857933,463,2576.510103,82
273.107399,354,2577.239108,79
13.023338,340,2577.932105,15
845.549549,854,2578.939106,153
-69.664447,79,2579.461104,6
88.648872,221,2580.077105,26
-53.637913,97,2580.612108,9
-54.913946,106,2582.087103,7
73.046533,260,2582.735107,23
1.128554,367,2583.926104,33
-27.012799,854,2584.939104,81
242.662287,337,2585.625104,64
254.423252,337,2587.224105,78
130.691091,257,2587.874106,38
589.964384,649,2588.757104,107
-25.795098,114,2589.311106,16
282.090113,364,2590.008104,72
857.291612,839,2591.993104,180
-90.545345,61,2592.508106,4
184.027547,299,2593.171108,38
226.194551,336,2593.856104,48
346.748103,445,2594.605104,66
-85.816706,69,2595.124106,5
17.824961,157,2595.697104,20
-54.52791,97,2596.231104,10
339.245431,446,2597.946104,54
42.243542,176,2598.543104,21
-87.873124,123,2599.104104,6
-65.154109,129,2599.656104,10
-78.019303,72,2600.171104,6
13.441562,152,2600.737104,17
184.187497,305,2601.397104,37
-52.839278,94,2601.928104,11
-64.014149,90,2602.467108,10
234.552468,339,2603.152105,53
87.382123,223,2603.762104,32
-0.671666,126,2604.310105,9
82.907657,314,2605.935103,32
414.863828,501,2606.731104,76
-84.06519,68,2607.249105,4
683.731108,712,2608.169107,129
-79.642769,70,2608.690106,4
186.803946,290,2609.352104,53
207.664931,310,2610.985104,65
-75.916663,70,2611.512104,5
246.29878,331,2612.197105,75
494.556703,569,2613.027106,89
-84.037088,65,2613.540104,4
4.143617,205,2614.141104,13
-70.334321,74,2614.669108,6
-22.019556,123,2615.227104,18
-87.775267,65,2615.748104,4
-63.576132,84,2616.278104,8
3.175617,143,2616.837104,18
-84.846134,67,2617.356104,3
119.167614,241,2618.944108,30
-30.631319,117,2619.496104,15
287.842463,374,2620.212105,73
-2.969088,141,2620.776104,16
-80.059807,70,2621.294106,5
-56.790652,109,2621.835104,6
298.919761,1317,2624.103104,175
15.301286,160,2624.678104,21
-80.213463,70,2625.198104,5
-75.332886,72,2625.714104,6
131.704614,262,2626.349105,29
-78.091035,74,2626.871104,6
-67.455404,86,2627.402106,6
321.294268,410,2628.137104,73
250.402122,359,2628.844104,54
-77.492241,76,2629.362036,6
509.689809,584,2631.141035,83
11.029015,116,2631.692037,10
296.776745,384,2632.413035,74
220.441348,347,2633.108036,32
135.105353,245,2633.740035,42
-61.665374,80,2634.263037,8
26.373722,216,2634.872035,14
28.685527,269,2635.511035,16
-90.587619,58,2636.921035,3
773.837859,820,2637.923035,117
105.62842,235,2638.545034,25
-75.743453,71,2639.061037,5
53.429148,192,2639.655037,25
-78.672077,69,2640.167037,3
62.623805,290,2640.825034,17
-79.58661,71,2641.341035,5
-75.214256,74,2641.866034,6
12.118794,137,2642.433034,21
54.471804,184,2643.968033,29
2.159117,146,2644.541036,14
153.728806,282,2645.199034,25
326.194048,415,2645.930037,67
91.153839,217,2646.537036,30
114.237324,235,2647.156034,38
-71.24426,76,2647.68205,4
32.308129,219,2648.348053,31
-69.171739,146,2648.94205,10
-69.697289,88,2649.47505,8
125.529543,235,2651.06305,47
-90.325567,65,2651.608051,5
239.375189,348,2652.298052,55
-34.642148,109,2652.847053,10
732.015388,730,2653.78905,156
168.068202,285,2654.440051,47
88.17653,217,2655.049052,27
-22.780163,120,2655.598051,13
145.871455,273,2657.20205,28
-71.111109,79,2658.00505,8
-65.667826,87,2658.54005,9
-73.277672,82,2659.063051,6
87.127748,219,2659.67605,22
408.22302,716,2660.610049,99
-52.052966,94,2661.145051,10
579.110654,699,2662.995052,93
419.704801,481,2663.77505,91
278.691041,383,2664.49305,60
559.782706,898,2665.536052,111
171.345691,270,2667.12705,43
-60.382011,91,2667.66105,8
733.760715,1315,2668.97005,138
-17.40795,131,2669.52505,13
-68.377018,143,2670.091052,8
-12.337245,131,2670.651051,19
370.513896,533,2672.430054,42
-4.283978,143,2672.99705,16
-22.671056,121,2673.55305,14
185.452767,352,2674.257053,21
-23.857242,119,2674.81505,14
594.000236,672,2675.715053,78
-78.430747,74,2676.23905,5
45.342012,327,2678.374051,22
244.128409,345,2679.07305,49
-69.024004,183,2679.660052,9
-69.364977,132,2680.23405,9
-20.991937,122,2680.78805,18
81.881758,408,2682.01205,56
-63.10972,97,2682.54605,8
-55.29318,93,2683.079053,5
65.648516,198,2683.67505,32
266.405078,399,2685.35205,27
38.672101,169,2685.95505,10
74.741898,332,2686.64605,10
-3.086893,291,2687.31105,14
-22.957122,120,2687.86405,10
-270.741199,526,2688.93105,26
310.019576,434,2689.674052,50
20.332671,151,2691.199054,23
-746.905672,382,2692.12305,7
144.337912,547,2692.949052,21
199.297003,291,2693.61705,40
-32.774991,181,2694.216053,8
-846.861408,1048,2696.42205,42
87.296024,225,2697.048052,20
-190.762771,295,2697.71105,6
62.408495,189,2698.303051,11
45.241245,251,2699.02805,29
37.345458,229,2699.645051,11
0.111292,138,2700.206051,7
120.990398,613,2702.04005,31
13.334045,151,2702.614051,22
72.608094,229,2703.235051,23
-71.410104,76,2703.76005,6
-67.712266,193,2704.39405,15
-70.715012,211,2705.16905,18
146.758512,263,2705.81705,43
-136.405485,434,2706.571051,23
86.295633,247,2708.194049,17
556.587117,644,2709.092051,63
398.186815,475,2709.870053,65
-95.346173,101,2710.409052,4
-10.445159,144,2710.972051,11
-49.126755,165,2711.90505,18
204.529332,332,2712.59005,37
-69.890997,79,2714.105051,6
-6.286301,125,2714.68305,9
70.007494,233,2715.30705,11
347.604203,437,2716.06405,65
267.155797,351,2716.76205,66
579.072433,649,2717.649052,117
168.329821,307,2719.245051,24
-1093.871412,549,2720.089051,11
385.345049,479,2720.86805,59
93.764176,234,2721.492052,24
369.17454,427,2722.24005,86
2.630328,220,2723.05305,17
120.957865,250,2724.624049,37
426.663653,603,2725.48305,86
-102.172572,143,2726.16605,7
-861.057142,353,2727.333051,4
-862.353656,368,2728.66605,2
31.052453,181,2729.25205,15
37.562501,175,2729.839056,16
-71.52788,156,2731.340052,8
373.390741,830,2732.348051,97
201.452574,449,2733.11005,44
137.028653,260,2733.75105,42
74.755508,231,2734.37105,17
60.185695,203,2735.935051,20
140.650883,266,2736.599053,26
-59.068451,88,2737.133051,10
182.472148,279,2737.78905,65
515.926265,550,2738.615051,123
-72.302236,80,2739.14505,7
337.934648,410,2739.87805,84
-42.115881,107,2740.42305,8
-76.824846,69,2740.94705,5
265.987072,358,2742.591052,62
34.878045,165,2743.18005,22
-95.220258,58,2743.69605,2
-23.362454,118,2744.240051,12
-84.78047,66,2744.76205,3
280.973768,367,2745.465052,68
-80.341903,76,2745.994053,5
-75.847428,72,2746.511053,5
-80.922078,72,2747.043051,5
-83.630654,72,2747.569051,6
180.561468,281,2748.231053,55
111.175168,240,2748.864052,27
411.872334,497,2750.67405,76
-31.815638,119,2751.233053,15
291.336994,394,2751.960052,61
-63.755387,85,2752.48805,9
230.30793,334,2753.17505,46
685.611575,722,2754.111049,106
134.466515,264,2755.718051,32
-66.068239,87,2756.26805,9
256.334131,346,2756.966051,75
-2.963605,128,2757.520052,21
261.612938,368,2758.23205,55
171.310145,276,2758.88605,56
414.875703,514,2759.68105,72
-45.351533,101,2760.223054,13
-48.763565,104,2760.77005,11
-0.826677,155,2762.277049,12
815.048785,791,2763.25505,171
36.471776,186,2763.84405,16
465.940242,589,2764.682052,47
